,Unnamed: 0,Unnamed: 0.1,id,text,link,created_at,tweet_type,user.screen_name,user.name,user.id,user.friends,user.followers,user.verified,user.account_created_at,user.location,media.media_type,media.media_urls,geolocation,id.trunc,hrisk_img,relevant,forecast,trop-out,cone,arrival,prob,surge,key-msg,ww,threat-impact,conv-out,meso-disc,rain-fore,rain-out,riv-flood,spag,text-img,model,evac,other-fore,other-non-fore,video,ww_exp,ww_cone,ww_md,official,unofficial,spanish
0,31,31,900077824589131777,"Extremely heavy rain forecast for East Texas next 7 days, easily 6"" & prob a lot more from poss Hurricane #Harvey:… https://t.co/MoNa8sL81B",http://twitter.com/capitalweather/statuses/900077824589131777,2017-08-22 19:30:50+00:00,original_tweet,capitalweather,Capital Weather Gang,15309804,1326,959795,True,2008-07-03T16:18:31.000Z,"Washington, D.C.",photo,['http://pbs.twimg.com/media/DH232YiXsAAMWtM.jpg'],,900077824589131,yes,yes,yes,no,no,no,no,no,no,no,no,no,no,yes,no,no,no,no,no,no,no,no,no,no,no,no,yes,no,no
1,35,35,900392084733128709,"#Harvey forecast to hit Texas Friday & stall. Incredible rain amounts poss, even 20""+. Houston in path. More info:… https://t.co/dFbXoz9qhy",http://twitter.com/capitalweather/statuses/900392084733128709,2017-08-23 16:19:36+00:00,original_tweet,capitalweather,Capital Weather Gang,15309804,1326,960273,True,2008-07-03T16:18:31.000Z,"Washington, D.C.",photo,['http://pbs.twimg.com/media/DH7U4RrXkAE8_l6.jpg'],,900392084733128,yes,yes,yes,no,no,no,no,no,no,no,no,no,no,yes,no,no,no,no,no,no,no,no,no,no,no,no,yes,no,no
3,42,42,900760830408630273,"Incredible: GFS model projects #Harvey to stall over E Texas for 5 days, thru Wed, unloading 15-30"" of rain.… https://t.co/owCG15j4ra",http://twitter.com/capitalweather/statuses/900760830408630273,2017-08-24 16:44:51+00:00,original_tweet,capitalweather,Capital Weather Gang,15309804,1326,960817,True,2008-07-03T16:18:31.000Z,"Washington, D.C.",photo,['http://pbs.twimg.com/media/DIAlEZHWAAEd-DO.jpg'],,900760830408630,yes,yes,yes,no,no,no,no,no,no,no,no,no,no,no,no,no,no,no,yes,no,no,no,no,no,no,no,no,yes,no
4,43,43,900763179931848704,Flood disaster in the making? GFS model simulates #Harvey stalled for 5 days over Texas: https://t.co/H2pt4VJ0ty https://t.co/nLhzLs73cH,http://twitter.com/capitalweather/statuses/900763179931848704,2017-08-24 16:54:12+00:00,original_tweet,capitalweather,Capital Weather Gang,15309804,1326,960818,True,2008-07-03T16:18:31.000Z,"Washington, D.C.",animated_gif,['https://video.twimg.com/tweet_video/DIAnP-IWAAEDa8i.mp4'],,900763179931848,yes,yes,yes,no,no,no,no,no,no,no,no,no,no,no,no,no,no,no,yes,no,no,no,no,no,no,no,no,yes,no
6,45,45,900773834089017344,"Projection of 300,000 customers without power in Texas due to #Harvey from several academics:… https://t.co/ao5eOY8XYv",http://twitter.com/capitalweather/statuses/900773834089017344,2017-08-24 17:36:32+00:00,original_tweet,capitalweather,Capital Weather Gang,15309804,1326,960844,True,2008-07-03T16:18:31.000Z,"Washington, D.C.",photo,['http://pbs.twimg.com/media/DIAw44mWsAEoiTi.jpg'],,900773834089017,yes,yes,yes,no,no,no,no,no,no,no,no,no,no,no,no,no,no,no,no,no,yes,no,no,no,no,no,no,yes,no
7,46,46,900782734267875329,"2p update from NHC: #Harvey's winds up to 85 mph, forecast to make landfall w/ 125 mph winds, high Cat 3:… https://t.co/Xd5NGk2gHt",http://twitter.com/capitalweather/statuses/900782734267875329,2017-08-24 18:11:54+00:00,original_tweet,capitalweather,Capital Weather Gang,15309804,1326,960864,True,2008-07-03T16:18:31.000Z,"Washington, D.C.",photo,['http://pbs.twimg.com/media/DIA5F8rWsAEMePW.jpg'],,900782734267875,yes,yes,yes,no,yes,no,no,no,no,yes,no,no,no,no,no,no,no,no,no,no,no,no,no,no,yes,no,yes,no,no
8,47,47,900789862755958786,"Potential flood disaster: Like GFS, European model forecasts large area 17-32"" of rain thru Wed in eastern Texas.… https://t.co/FN0Z9yaUcZ",http://twitter.com/capitalweather/statuses/900789862755958786,2017-08-24 18:40:13+00:00,original_tweet,capitalweather,Capital Weather Gang,15309804,1326,960891,True,2008-07-03T16:18:31.000Z,"Washington, D.C.",photo,['http://pbs.twimg.com/media/DIA_NYOW0AU5Ffu.jpg'],,900789862755958,yes,yes,yes,no,no,no,no,no,no,no,no,no,no,no,no,no,no,no,yes,no,no,no,no,no,no,no,no,yes,no
9,50,50,900922907890790400,The Weather Service had to add new color to rainfall map to convey incredible amounts poss from #Harvey:… https://t.co/JM2OA7AAxG,http://twitter.com/capitalweather/statuses/900922907890790400,2017-08-25 03:28:54+00:00,original_tweet,capitalweather,Capital Weather Gang,15309804,1326,961160,True,2008-07-03T16:18:31.000Z,"Washington, D.C.",photo,['http://pbs.twimg.com/media/DIC4ljlXUAA1PWE.jpg'],,900922907890790,yes,yes,yes,no,no,no,no,no,no,no,no,no,no,yes,no,no,no,no,no,no,no,no,no,no,no,no,yes,no,no
10,52,52,901056381922533382,Dire language from Weather Service office in Corpus Christi regarding effects from #Harvey: https://t.co/0amm43GlGS https://t.co/haUimebmTG,http://twitter.com/capitalweather/statuses/901056381922533382,2017-08-25 12:19:16+00:00,original_tweet,capitalweather,Capital Weather Gang,15309804,1326,961409,True,2008-07-03T16:18:31.000Z,"Washington, D.C.",photo,['http://pbs.twimg.com/media/DIEx-4qXoAAz8tI.jpg'],,901056381922533,yes,yes,yes,no,no,no,no,no,no,no,no,no,no,no,no,no,no,yes,no,no,no,no,no,no,no,no,yes,yes,no
12,56,56,901086946499362816,"Coastal Texas should know risk of ""compound flooding"" from days of storm surge & 15-25"" rain. Massive water buildup… https://t.co/MXT9wFljcJ",http://twitter.com/capitalweather/statuses/901086946499362816,2017-08-25 14:20:44+00:00,original_tweet,capitalweather,Capital Weather Gang,15309804,1326,961497,True,2008-07-03T16:18:31.000Z,"Washington, D.C.",photo,['http://pbs.twimg.com/media/DIFNyC2WAAQe_oX.jpg'],,901086946499362,yes,yes,yes,no,no,no,no,no,no,no,no,no,no,no,no,no,no,yes,no,no,no,no,no,no,no,no,no,yes,no
17,63,63,901135063911366657,"Scary, close-up @WeatherBell map of GFS model rainfall forecast for region around Houston. More on #Harvey:… https://t.co/1NPQu8VmO7",http://twitter.com/capitalweather/statuses/901135063911366657,2017-08-25 17:31:56+00:00,original_tweet,capitalweather,Capital Weather Gang,15309804,1326,961588,True,2008-07-03T16:18:31.000Z,"Washington, D.C.",photo,['http://pbs.twimg.com/media/DIF5WmfXsAEGNtk.jpg'],,901135063911366,yes,yes,yes,no,no,no,no,no,no,no,no,no,no,no,no,no,no,no,yes,no,no,no,no,no,no,no,no,yes,no
18,64,64,901152291365019653,"Mind-boggling and extremely troubling: European model simulates as much as 50-60"" of rain from #Harvey:… https://t.co/pLLDy3bBu5",http://twitter.com/capitalweather/statuses/901152291365019653,2017-08-25 18:40:23+00:00,original_tweet,capitalweather,Capital Weather Gang,15309804,1326,961630,True,2008-07-03T16:18:31.000Z,"Washington, D.C.",photo,['http://pbs.twimg.com/media/DIGJDJBXcAMzbGO.jpg'],,901152291365019,yes,yes,yes,no,no,no,no,no,no,no,no,no,no,no,no,no,no,no,yes,no,no,no,no,no,no,no,no,yes,no
20,66,66,901195575504375808,Power outage model from university researchers projects nearly a million outages from #Harvey in Texas:… https://t.co/4QrVx2zkhU,http://twitter.com/capitalweather/statuses/901195575504375808,2017-08-25 21:32:23+00:00,original_tweet,capitalweather,Capital Weather Gang,15309804,1326,961782,True,2008-07-03T16:18:31.000Z,"Washington, D.C.",photo,['http://pbs.twimg.com/media/DIGwhD3W0AAj0j9.jpg'],,901195575504375,yes,yes,yes,no,no,no,no,no,no,no,no,no,no,no,no,no,no,no,no,no,yes,no,no,no,no,no,no,yes,no
22,68,68,901239169808310273,824p: Harvey's destructive eyewall to move ashore next couple hours. Worst N of Corpus Christi https://t.co/VecmKgsgm5,http://twitter.com/capitalweather/statuses/901239169808310273,2017-08-26 00:25:36+00:00,original_tweet,capitalweather,Capital Weather Gang,15309804,1326,961927,True,2008-07-03T16:18:31.000Z,"Washington, D.C.",animated_gif,['https://video.twimg.com/tweet_video/DIHYPsVXcAQBzbe.mp4'],,901239169808310,yes,yes,yes,no,no,no,no,no,no,yes,no,no,no,no,no,no,no,no,no,no,no,no,no,no,no,no,no,yes,no
23,70,70,901266357597212672,"1012p: Rockport, Tex getting absolutely hammered by Harvey's western eyewall. https://t.co/0g4wdBKPjc",http://twitter.com/capitalweather/statuses/901266357597212672,2017-08-26 02:13:39+00:00,original_tweet,capitalweather,Capital Weather Gang,15309804,1326,962051,True,2008-07-03T16:18:31.000Z,"Washington, D.C.",animated_gif,['https://video.twimg.com/tweet_video/DIHw-LLW0AAzW8A.mp4'],,901266357597212,yes,yes,yes,no,no,no,no,no,no,yes,no,no,no,no,no,no,no,no,no,no,no,no,no,no,no,no,no,yes,no
24,71,71,901270411597533185,"#Harvey has already dumped up to 5"" of rain in spots. Just a drop though compared to what may fall next several day… https://t.co/cPkl4QOvrj",http://twitter.com/capitalweather/statuses/901270411597533185,2017-08-26 02:29:45+00:00,original_tweet,capitalweather,Capital Weather Gang,15309804,1326,962072,True,2008-07-03T16:18:31.000Z,"Washington, D.C.",photo,['http://pbs.twimg.com/media/DIH0qYvXsAAX1Ea.jpg'],,901270411597533,yes,yes,yes,no,no,no,no,no,no,yes,no,no,no,no,no,no,no,no,no,no,no,no,no,no,no,no,no,yes,no
25,72,72,901296135075188736,"1210a: Eye of #Harvey over Rockport, Tex. where structures damaged. More damaging winds to come. https://t.co/K5KRFz01yU",http://twitter.com/capitalweather/statuses/901296135075188736,2017-08-26 04:11:58+00:00,original_tweet,capitalweather,Capital Weather Gang,15309804,1326,962161,True,2008-07-03T16:18:31.000Z,"Washington, D.C.",animated_gif,['https://video.twimg.com/tweet_video/DIIMDkYWsAEA-NG.mp4'],,901296135075188,yes,yes,yes,no,no,no,no,no,no,yes,no,no,no,no,no,no,no,no,no,no,no,no,no,no,no,no,no,yes,no
26,73,73,901311526686134274,"@FireChiefofHFD @MarioGa50826448 Alerta de Inundaciones ha sido extendida incluyendo Houston ,Polk y Trinity hasta… https://t.co/mggKQTQePF",http://twitter.com/cohoustonfire/statuses/901311526686134274,2017-08-26 05:13:08+00:00,original_tweet,cohoustonfire,Houston Fire Dept,88957094,290,18804,False,2009-11-10T16:00:10.000Z,"Houston, Texas",photo,"['http://pbs.twimg.com/media/DIIaDSdVwAEYivr.jpg', 'http://pbs.twimg.com/media/DIIaDScUMAACpsh.jpg']","Houston, TX",901311526686134,yes,yes,yes,no,no,no,no,no,no,yes,no,no,no,no,no,no,no,yes,no,no,no,no,no,no,no,no,yes,no,no
27,75,75,901449773290582018,"1020a: Core of #Harvey just W of Victoria, Tex. Torrential rain, strong winds esp there & east. https://t.co/UDGRmJOJmH",http://twitter.com/capitalweather/statuses/901449773290582018,2017-08-26 14:22:28+00:00,original_tweet,capitalweather,Capital Weather Gang,15309804,1326,962508,True,2008-07-03T16:18:31.000Z,"Washington, D.C.",animated_gif,['https://video.twimg.com/tweet_video/DIKXycvXsAA9nQV.mp4'],,901449773290582,yes,yes,yes,no,no,no,no,no,no,yes,no,no,no,no,no,no,no,no,no,no,no,no,no,no,no,no,no,yes,no
30,80,80,901519752534863872,Brazos and San Bernard rivers forecast to set new records on Monday and Tuesday. This is incredible.… https://t.co/5amSzxqGVl,http://twitter.com/capitalweather/statuses/901519752534863872,2017-08-26 19:00:33+00:00,original_tweet,capitalweather,Capital Weather Gang,15309804,1327,962661,True,2008-07-03T16:18:31.000Z,"Washington, D.C.",photo,"['http://pbs.twimg.com/media/DILXUvmXYAIX5JQ.jpg', 'http://pbs.twimg.com/media/DILXaOJW0AEsbRU.jpg']",,901519752534863,yes,yes,yes,no,no,no,no,no,no,no,no,no,no,no,no,yes,no,no,no,no,no,no,no,no,no,no,yes,no,no
31,81,81,901539402601680897,"All in all, around 50 river gauges across Southeast Texas are predicted to crest in major flood stage.… https://t.co/tZmRPy1QHQ",http://twitter.com/capitalweather/statuses/901539402601680897,2017-08-26 20:18:38+00:00,original_tweet,capitalweather,Capital Weather Gang,15309804,1327,962702,True,2008-07-03T16:18:31.000Z,"Washington, D.C.",photo,['http://pbs.twimg.com/media/DILpRmMXkAAdN6S.jpg'],,901539402601680,yes,yes,yes,no,no,no,no,no,no,no,no,no,no,no,no,yes,no,no,no,no,no,no,no,no,no,no,no,yes,no
32,84,84,901620268115906561,"Widespread 6-12"" of rain already in SE Texas, isolated areas of 18-20"". Still 15-25""+ yet to come. More info:… https://t.co/G8FgkqR8q4",http://twitter.com/capitalweather/statuses/901620268115906561,2017-08-27 01:39:57+00:00,original_tweet,capitalweather,Capital Weather Gang,15309804,1327,962856,True,2008-07-03T16:18:31.000Z,"Washington, D.C.",photo,"['http://pbs.twimg.com/media/DIMyN9RXoAADaIz.jpg', 'http://pbs.twimg.com/media/DIMyQbtW0AE00N4.jpg']",,901620268115906,yes,yes,yes,no,no,no,no,no,no,no,no,no,no,no,no,no,no,no,yes,no,no,yes,no,no,no,no,yes,yes,no
33,85,85,901626841160712194,1003p: Intense feeder band from #Harvey to bring torrential rain into Houston; rough night ahead https://t.co/1aEkICiBxw,http://twitter.com/capitalweather/statuses/901626841160712194,2017-08-27 02:06:05+00:00,original_tweet,capitalweather,Capital Weather Gang,15309804,1327,962884,True,2008-07-03T16:18:31.000Z,"Washington, D.C.",animated_gif,['https://video.twimg.com/tweet_video/DIM41CNXYAECad2.mp4'],,901626841160712,yes,yes,yes,no,no,no,no,no,no,yes,no,no,no,no,no,no,no,no,no,no,no,no,no,no,no,no,no,yes,no
36,91,91,901805041727746048,"Major flood disaster in Houston, multiple fatalities, 2 feet of rain, rivers at record levels. The sum of all fears… https://t.co/Nm3jaXbAVI",http://twitter.com/capitalweather/statuses/901805041727746048,2017-08-27 13:54:11+00:00,original_tweet,capitalweather,Capital Weather Gang,15309804,1330,963317,True,2008-07-03T16:18:31.000Z,"Washington, D.C.",photo,['http://pbs.twimg.com/media/DIPa26pW0AA__UC.jpg'],,901805041727746,yes,yes,yes,no,no,no,no,no,no,no,no,no,no,no,no,no,no,yes,no,no,no,no,no,no,no,no,yes,yes,no
37,92,92,901811257354969090,1017a: It gets worse. Big area of torrential rain moving over Houston. More disastrous flooding. https://t.co/OJQJfA6Vkx,http://twitter.com/capitalweather/statuses/901811257354969090,2017-08-27 14:18:53+00:00,original_tweet,capitalweather,Capital Weather Gang,15309804,1330,963336,True,2008-07-03T16:18:31.000Z,"Washington, D.C.",animated_gif,['https://video.twimg.com/tweet_video/DIPgjlwWAAA_s74.mp4'],,901811257354969,yes,yes,yes,no,no,no,no,no,no,yes,no,no,no,no,no,no,no,no,no,no,no,no,no,no,no,no,no,yes,no
39,95,95,901843025432907778,1223p: Relentless rain in Houston. And a tornado warning. Unimaginably bad situation. https://t.co/VlAOA0LRkw,http://twitter.com/capitalweather/statuses/901843025432907778,2017-08-27 16:25:07+00:00,original_tweet,capitalweather,Capital Weather Gang,15309804,1330,963486,True,2008-07-03T16:18:31.000Z,"Washington, D.C.",animated_gif,['https://video.twimg.com/tweet_video/DIP9cuwXcAAcohK.mp4'],,901843025432907,yes,yes,yes,no,no,no,no,no,no,yes,no,no,no,no,no,no,no,no,no,no,no,no,no,no,no,no,no,yes,no
41,100,100,901892193899728898,Weather Service: Disastrous flooding from #Harvey worse than Allison in Houston in half the time.… https://t.co/Cqr2KK6EVi,http://twitter.com/capitalweather/statuses/901892193899728898,2017-08-27 19:40:30+00:00,original_tweet,capitalweather,Capital Weather Gang,15309804,1331,963709,True,2008-07-03T16:18:31.000Z,"Washington, D.C.",photo,['http://pbs.twimg.com/media/DIQqJbaXgAAoigh.jpg'],,901892193899728,yes,yes,yes,no,no,no,no,no,no,no,no,no,yes,no,no,no,no,no,no,no,no,no,no,no,no,no,yes,no,no
42,102,102,901908280485830656,"Euro model shows another 20-30"" of rain in Houston next 5 days - on top of 15-30"" already. Unimaginable, unfair.… https://t.co/aZ0cMKLPkj",http://twitter.com/capitalweather/statuses/901908280485830656,2017-08-27 20:44:25+00:00,original_tweet,capitalweather,Capital Weather Gang,15309804,1331,963754,True,2008-07-03T16:18:31.000Z,"Washington, D.C.",photo,['http://pbs.twimg.com/media/DIQ4pMFW0AA2---.jpg'],,901908280485830,yes,yes,yes,no,no,no,no,no,no,no,no,no,no,no,no,no,no,no,yes,no,no,no,no,no,no,no,no,yes,no
43,104,104,901927760700035072,"Hurricane Center now says #Harvey may drift back over Gulf, restrengthen slightly, & make 2nd landfall near Houston… https://t.co/KGdJQRB7Bu",http://twitter.com/capitalweather/statuses/901927760700035072,2017-08-27 22:01:49+00:00,original_tweet,capitalweather,Capital Weather Gang,15309804,1331,963837,True,2008-07-03T16:18:31.000Z,"Washington, D.C.",photo,['http://pbs.twimg.com/media/DIRKbPmW4AMiR13.jpg'],,901927760700035,yes,yes,yes,no,yes,no,no,no,no,yes,no,no,no,no,no,no,no,no,no,no,no,no,no,no,yes,no,yes,no,no
44,105,105,901933492619153408,Live https://t.co/uDTjyycExz #Harvey rains & impact discussion + how to help TX & LA. Unimaginable catastrophe to g… https://t.co/azVSrjGLiz,http://twitter.com/capitalweather/statuses/901933492619153408,2017-08-27 22:24:36+00:00,original_tweet,capitalweather,Capital Weather Gang,15309804,1331,963853,True,2008-07-03T16:18:31.000Z,"Washington, D.C.",video,['https://video.twimg.com/ext_tw_video/901933433349394432/pu/vid/320x180/sR3oHWEb75msSut4.mp4'],,901933492619153,yes,yes,yes,no,no,no,no,no,no,no,no,no,no,no,no,no,no,no,no,no,no,no,yes,no,no,no,no,yes,no
45,109,109,902000846380179456,"1051p: Not good at all. Up to 3"" of rain in last hour alone west side of Houston. https://t.co/YZja6NcHcN",http://twitter.com/capitalweather/statuses/902000846380179456,2017-08-28 02:52:14+00:00,original_tweet,capitalweather,Capital Weather Gang,15309804,1331,964034,True,2008-07-03T16:18:31.000Z,"Washington, D.C.",photo,['http://pbs.twimg.com/media/DISM_PPXcAQWnt2.jpg'],,902000846380179,yes,yes,yes,no,no,no,no,no,no,yes,no,no,no,no,no,no,no,no,no,no,no,no,no,no,no,no,no,yes,no
46,110,110,902001369833500673,1053p: Some of the heaviest rain of the day coming through Houston. https://t.co/1Wr1J3WlSN,http://twitter.com/capitalweather/statuses/902001369833500673,2017-08-28 02:54:19+00:00,original_tweet,capitalweather,Capital Weather Gang,15309804,1331,964033,True,2008-07-03T16:18:31.000Z,"Washington, D.C.",animated_gif,['https://video.twimg.com/tweet_video/DISNdgrXgAEYicx.mp4'],,902001369833500,yes,yes,yes,no,no,no,no,no,no,yes,no,no,no,no,no,no,no,no,no,no,no,no,no,no,no,no,no,yes,no
47,111,111,902129984357191680,"723a: Heavy rain near, east of Beaumont, Tex. Still raining in Houston but not as hard for now. https://t.co/t1BZpPxEQS",http://twitter.com/capitalweather/statuses/902129984357191680,2017-08-28 11:25:23+00:00,original_tweet,capitalweather,Capital Weather Gang,15309804,1331,964241,True,2008-07-03T16:18:31.000Z,"Washington, D.C.",animated_gif,['https://video.twimg.com/tweet_video/DIUCb5SXgAAsOVy.mp4'],,902129984357191,yes,yes,yes,no,no,no,no,no,no,yes,no,no,no,no,no,no,no,no,no,no,no,no,no,no,no,no,no,yes,no
49,113,113,902188952655994880,"Still ANOTHER 8-17"" possible around Houston, perhaps up to 20"" in hardest it spots. Totals over 50"" poss. More:… https://t.co/eDNGhARbMC",http://twitter.com/capitalweather/statuses/902188952655994880,2017-08-28 15:19:42+00:00,original_tweet,capitalweather,Capital Weather Gang,15309804,1331,964361,True,2008-07-03T16:18:31.000Z,"Washington, D.C.",photo,['http://pbs.twimg.com/media/DIU3yhcWAAQ3-xf.jpg'],,902188952655994,yes,yes,yes,no,no,no,no,no,no,no,no,no,no,yes,no,no,no,no,no,no,no,no,no,no,no,no,yes,yes,no
50,114,114,902196264384782337,1148a: The rain in Houston is just relentless. https://t.co/z1VaLd2dhh,http://twitter.com/capitalweather/statuses/902196264384782337,2017-08-28 15:48:46+00:00,original_tweet,capitalweather,Capital Weather Gang,15309804,1331,964376,True,2008-07-03T16:18:31.000Z,"Washington, D.C.",animated_gif,['https://video.twimg.com/tweet_video/DIU-t8rVoAA3tmv.mp4'],,902196264384782,yes,yes,yes,no,no,no,no,no,no,yes,no,no,no,no,no,no,no,no,no,no,no,no,no,no,no,no,no,yes,no
51,116,116,902210052643311616,"As rainfall totals near 40"" in SE Texas, flash flood watch expanded into New Orleans where 5-10"" poss. More info:… https://t.co/9LBi2oCEnX",http://twitter.com/capitalweather/statuses/902210052643311616,2017-08-28 16:43:33+00:00,original_tweet,capitalweather,Capital Weather Gang,15309804,1331,964403,True,2008-07-03T16:18:31.000Z,"Washington, D.C.",photo,['http://pbs.twimg.com/media/DIVLK0pXcAAS9e8.jpg'],,902210052643311,yes,yes,yes,no,no,no,no,no,no,no,no,no,no,no,no,no,no,no,no,no,no,yes,no,no,no,no,yes,no,no
52,117,117,902220298182938624,123p: No mercy. Continued moderate rain streaming over Houston. https://t.co/udU2aeDI0f,http://twitter.com/capitalweather/statuses/902220298182938624,2017-08-28 17:24:16+00:00,original_tweet,capitalweather,Capital Weather Gang,15309804,1331,964416,True,2008-07-03T16:18:31.000Z,"Washington, D.C.",animated_gif,['https://video.twimg.com/tweet_video/DIVUk1vW4AAG7mW.mp4'],,902220298182938,yes,yes,yes,no,no,no,no,no,no,yes,no,no,no,no,no,no,no,no,no,no,no,no,no,no,no,no,no,yes,no
53,118,118,902222247796121601,"Latest GFS model run still showing another 12-20"" for Houston and surrounding area thru late Thurs. #Harvey https://t.co/mhfxFlVMVz",http://twitter.com/capitalweather/statuses/902222247796121601,2017-08-28 17:32:01+00:00,original_tweet,capitalweather,Capital Weather Gang,15309804,1331,964417,True,2008-07-03T16:18:31.000Z,"Washington, D.C.",photo,['http://pbs.twimg.com/media/DIVWRy8XcAIyuVN.jpg'],,902222247796121,yes,yes,yes,no,no,no,no,no,no,no,no,no,no,no,no,no,no,no,yes,no,no,no,no,no,no,no,no,yes,no
54,119,119,902249299366567936,"Visualization of observed rainfall, and track of #Harvey from @PostGraphics. Updated info on the storm:… https://t.co/zlOcKINOp4",http://twitter.com/capitalweather/statuses/902249299366567936,2017-08-28 19:19:30+00:00,original_tweet,capitalweather,Capital Weather Gang,15309804,1331,964451,True,2008-07-03T16:18:31.000Z,"Washington, D.C.",photo,['http://pbs.twimg.com/media/DIVtzc_XkAIULOK.jpg'],,902249299366567,yes,yes,yes,no,no,no,no,no,no,no,no,no,no,no,no,no,no,no,no,no,yes,yes,no,no,no,no,yes,yes,no
56,121,121,902264574707150849,Fantastic animation from @PostGraphics showing the accumulation of rain in Southeast Texas over the past few days.… https://t.co/9aYDvrjGzm,http://twitter.com/capitalweather/statuses/902264574707150849,2017-08-28 20:20:12+00:00,original_tweet,capitalweather,Capital Weather Gang,15309804,1331,964481,True,2008-07-03T16:18:31.000Z,"Washington, D.C.",animated_gif,['https://video.twimg.com/tweet_video/DIV8v9jXoAAcIVW.mp4'],,902264574707150,yes,yes,yes,no,no,no,no,no,no,no,no,no,no,no,no,no,no,no,no,no,yes,yes,no,no,no,no,no,yes,no
57,122,122,902283768420909056,@FireChiefofHFD @FireChiefofHFD Salir para muchos no es necesario.NO MANEJEN en dirección opuesta.Es Extremadamente… https://t.co/xpzTw52FQg,http://twitter.com/cohoustonfire/statuses/902283768420909056,2017-08-28 21:36:28+00:00,original_tweet,cohoustonfire,Houston Fire Dept,88957094,290,20825,False,2009-11-10T16:00:10.000Z,"Houston, Texas",photo,['http://pbs.twimg.com/media/DIWOSQMV4AAvI4I.jpg'],"Houston, TX",902283768420909,yes,yes,yes,no,no,no,no,no,no,no,no,no,no,no,no,no,no,yes,no,no,no,no,no,no,no,no,no,yes,no
58,123,123,902293637098328064,"Another 10-20"" predicted in SE Texas, including Houston, w/ ""devastating consequences on rescue & recovery efforts.… https://t.co/jSCLXc11tt",http://twitter.com/capitalweather/statuses/902293637098328064,2017-08-28 22:15:41+00:00,original_tweet,capitalweather,Capital Weather Gang,15309804,1331,964519,True,2008-07-03T16:18:31.000Z,"Washington, D.C.",photo,['http://pbs.twimg.com/media/DIWW7CjWsAEEH83.jpg'],,902293637098328,yes,yes,yes,no,no,no,no,no,no,no,no,no,no,yes,no,no,no,no,no,no,no,no,no,no,no,no,yes,no,no
59,124,124,902304526400724994,"657p: Endless stream of rain, heavy at times, flowing into Houston. Not over by a long shot. https://t.co/wemEQ11Olk",http://twitter.com/capitalweather/statuses/902304526400724994,2017-08-28 22:58:57+00:00,original_tweet,capitalweather,Capital Weather Gang,15309804,1331,964525,True,2008-07-03T16:18:31.000Z,"Washington, D.C.",animated_gif,['https://video.twimg.com/tweet_video/DIWhLi2XkAA07bX.mp4'],,902304526400724,yes,yes,yes,no,no,no,no,no,no,yes,no,no,no,no,no,no,no,no,no,no,no,no,no,no,no,no,no,yes,no
60,126,126,902344265413615616,934p: Hideous and heinous plume of heavy rain parked over Houston. https://t.co/EZD6PuHHxE,http://twitter.com/capitalweather/statuses/902344265413615616,2017-08-29 01:36:52+00:00,original_tweet,capitalweather,Capital Weather Gang,15309804,1331,964620,True,2008-07-03T16:18:31.000Z,"Washington, D.C.",animated_gif,['https://video.twimg.com/tweet_video/DIXFUq6XkAEU7JS.mp4'],,902344265413615,yes,yes,yes,no,no,no,no,no,no,yes,no,no,no,no,no,no,no,no,no,no,no,no,no,no,no,no,no,yes,no
62,129,129,902523509519388674,"928a: Rain still pushing through Houston, heaviest on east side of town. https://t.co/OO3sLR2vL8",http://twitter.com/capitalweather/statuses/902523509519388674,2017-08-29 13:29:07+00:00,original_tweet,capitalweather,Capital Weather Gang,15309804,1331,964986,True,2008-07-03T16:18:31.000Z,"Washington, D.C.",animated_gif,['https://video.twimg.com/tweet_video/DIZoWFqW4AER5kB.mp4'],,902523509519388,yes,yes,yes,no,no,no,no,no,no,yes,no,no,no,no,no,no,no,no,no,no,no,no,no,no,no,no,no,yes,no
64,133,133,902594902755860480,212p: Rains in Houston have slowed. Galveston to Port Arthur getting hammered. https://t.co/keAsackFv4,http://twitter.com/capitalweather/statuses/902594902755860480,2017-08-29 18:12:48+00:00,original_tweet,capitalweather,Capital Weather Gang,15309804,1331,965161,True,2008-07-03T16:18:31.000Z,"Washington, D.C.",animated_gif,['https://video.twimg.com/tweet_video/DIapRu2UMAAmDcS.mp4'],,902594902755860,yes,yes,yes,no,no,no,no,no,no,yes,no,no,no,no,no,no,no,no,no,no,no,no,no,no,no,no,no,yes,no
65,135,135,902608099919454209,"Happy to share this. NWS now forecasting just a few more inches of new rain, maybe less, around Houston. More info:… https://t.co/Br2X0FXGlv",http://twitter.com/capitalweather/statuses/902608099919454209,2017-08-29 19:05:15+00:00,original_tweet,capitalweather,Capital Weather Gang,15309804,1331,965185,True,2008-07-03T16:18:31.000Z,"Washington, D.C.",photo,['http://pbs.twimg.com/media/DIa1C25V4AE11qI.jpg'],,902608099919454,yes,yes,yes,no,no,no,no,no,no,no,no,no,no,yes,no,no,no,no,no,no,no,no,no,no,no,no,yes,no,no
67,143,143,902718168795402240,"While Houston mostly cleared of rain, flash flood emergency around Beaumont/Port Arthur. 3""/hour rain rates. More:… https://t.co/VXdaw0VqZb",http://twitter.com/capitalweather/statuses/902718168795402240,2017-08-30 02:22:37+00:00,original_tweet,capitalweather,Capital Weather Gang,15309804,1331,965452,True,2008-07-03T16:18:31.000Z,"Washington, D.C.",photo,['http://pbs.twimg.com/media/DIcZWo2XkAEzl4R.jpg'],,902718168795402,yes,yes,yes,no,no,no,no,no,no,yes,no,no,no,no,no,no,no,no,no,no,no,no,no,no,no,no,no,yes,no
68,145,145,902885825607815168,"Incredible: Beaumont-Port Arthur logged record 26"" rain in 24 hours, storm total over 45"". Devastating flooding.… https://t.co/HxLoZrob9o",http://twitter.com/capitalweather/statuses/902885825607815168,2017-08-30 13:28:50+00:00,original_tweet,capitalweather,Capital Weather Gang,15309804,1331,965697,True,2008-07-03T16:18:31.000Z,"Washington, D.C.",photo,['http://pbs.twimg.com/media/DIexw3XVYAASLeC.jpg'],,902885825607815,yes,yes,yes,no,no,no,no,no,no,yes,no,no,no,no,no,no,no,no,no,no,no,no,no,no,no,no,no,yes,no
69,146,146,902891820333617152,"Harvey may still produce a ribbon of 4-8""+ from W & N Louisiana into W Tenn and Ky. Not over. More info:… https://t.co/OFamrnGsKQ",http://twitter.com/capitalweather/statuses/902891820333617152,2017-08-30 13:52:39+00:00,original_tweet,capitalweather,Capital Weather Gang,15309804,1331,965713,True,2008-07-03T16:18:31.000Z,"Washington, D.C.",photo,['http://pbs.twimg.com/media/DIe3RucVAAECCmL.jpg'],,902891820333617,yes,yes,yes,no,no,no,no,no,no,no,no,no,no,yes,no,no,no,no,no,no,no,no,no,no,no,no,yes,no,no
71,152,152,903303058121261056,As if it all hasn't been enough -- tornado warnings being issued northern MS and around the Memphis region. #harvey https://t.co/kc5Ia2WP3k,http://twitter.com/capitalweather/statuses/903303058121261056,2017-08-31 17:06:46+00:00,original_tweet,capitalweather,Capital Weather Gang,15309804,1332,966476,True,2008-07-03T16:18:31.000Z,"Washington, D.C.",photo,['http://pbs.twimg.com/media/DIktVz-XkAEWAK3.jpg'],,903303058121261,yes,yes,yes,no,no,no,no,no,no,yes,no,no,no,no,no,no,no,no,no,no,no,no,no,no,no,no,no,yes,no
73,158,158,903625085420007430,"Will be dry in DMV for a few hours, but remnants of #Harvey arrive later this afternoon. ☔️ https://t.co/mjBNRgd6mW",http://twitter.com/capitalweather/statuses/903625085420007430,2017-09-01 14:26:23+00:00,original_tweet,capitalweather,Capital Weather Gang,15309804,1333,966988,True,2008-07-03T16:18:31.000Z,"Washington, D.C.",photo,['http://pbs.twimg.com/media/DIpSOcnXUAEMbeU.jpg'],,903625085420007,yes,yes,yes,no,no,no,no,no,no,no,no,no,no,no,no,no,no,no,no,no,no,yes,no,no,no,no,no,yes,no
