,id,text,link,created_at,tweet_type,user.screen_name,user.name,user.id,user.friends,user.followers,user.verified,user.account_created_at,user.location,media.media_type,media.media_urls,geolocation,id.trunc
101592,898228880095547394,Cloud forecast from the GFS model. Clouds are shown in blue.  Our #SolarEclipse forecast: https://t.co/fHLUUGsodx https://t.co/tuAoQD3yJZ,http://twitter.com/capitalweather/statuses/898228880095547394,2017-08-17 17:03:47+00:00,original_tweet,capitalweather,Capital Weather Gang,15309804,1325,956811,True,2008-07-03T16:18:31.000Z,"Washington, D.C.",photo,['http://pbs.twimg.com/media/DHcmZVxXkAAcBzk.jpg'],,898228880095547
8613,898245972299575296,It's raining in DC again. Surprised? Not at all. This is our life now. https://t.co/2fREewV3Zd,http://twitter.com/capitalweather/statuses/898245972299575296,2017-08-17 18:11:43+00:00,original_tweet,capitalweather,Capital Weather Gang,15309804,1325,956839,True,2008-07-03T16:18:31.000Z,"Washington, D.C.",animated_gif,['https://video.twimg.com/tweet_video/DHc18UJW0AAENwf.mp4'],,898245972299575
8635,898247671843926016,Fire Inspector on the roof @memorialhermann checking permits and safety measures while roof workers make repairs.… https://t.co/3sAU4nauwN,http://twitter.com/cohoustonfire/statuses/898247671843926016,2017-08-17 18:18:28+00:00,original_tweet,cohoustonfire,Houston Fire Dept,88957094,287,18360,False,2009-11-10T16:00:10.000Z,"Houston, Texas",photo,"['http://pbs.twimg.com/media/DHc3YXuUwAA4th7.jpg', 'http://pbs.twimg.com/media/DHc3ZneU0AA_RIX.jpg', 'http://pbs.twimg.com/media/DHc3b6tUAAAUFV6.jpg', 'http://pbs.twimg.com/media/DHc3d4gVwAAKFys.jpg']",,898247671843926
28547,898257209896747009,"For people who got #solareclipse glasses on Amazon and are worried about legitimacy, they may be okay! Put them on… https://t.co/imOzI0myit",http://twitter.com/capitalweather/statuses/898257209896747009,2017-08-17 18:56:22+00:00,original_tweet,capitalweather,Capital Weather Gang,15309804,1325,956863,True,2008-07-03T16:18:31.000Z,"Washington, D.C.",photo,['http://pbs.twimg.com/media/DHdAHhNXgAEjvyp.jpg'],,898257209896747
65087,898267032218730497,We built a @Spotify playlist for the solar eclipse: https://t.co/XCm9Atakts What songs would you suggest? https://t.co/klfCd21PT9,http://twitter.com/capitalweather/statuses/898267032218730497,2017-08-17 19:35:24+00:00,original_tweet,capitalweather,Capital Weather Gang,15309804,1325,956862,True,2008-07-03T16:18:31.000Z,"Washington, D.C.",animated_gif,['https://video.twimg.com/tweet_video/DHdJD_nWAAEFb3T.mp4'],,898267032218730
7709,898534283702288386,"Yes, go on and tell me more about how you're fixing property taxes, lawmakers. Really good story by @JulieChang1 —… https://t.co/Sd20pzZkOE",http://twitter.com/ndhapple/statuses/898534283702288386,2017-08-18 13:17:21+00:00,original_tweet,ndhapple,Nolan Hicks,16661097,710,3854,False,2008-10-09T02:55:10.000Z,"Austin, TX",photo,['http://pbs.twimg.com/media/DHg8KgNXgAYKPWG.jpg'],,898534283702288
109324,898587715695857664,This is what the sun looks like through a pair of good #solareclipse glasses. Thanks @wolfpackwx! https://t.co/2zenVkkCxh,http://twitter.com/capitalweather/statuses/898587715695857664,2017-08-18 16:49:41+00:00,original_tweet,capitalweather,Capital Weather Gang,15309804,1325,957395,True,2008-07-03T16:18:31.000Z,"Washington, D.C.",photo,['http://pbs.twimg.com/media/DHhssfcWAAAXEDi.jpg'],,898587715695857
68589,898619506976804866,"Storms are tracking SW to NE today, will slowly drift east into D.C. Metro over next few hours. https://t.co/atRM9peR7Q",http://twitter.com/capitalweather/statuses/898619506976804866,2017-08-18 18:56:00+00:00,original_tweet,capitalweather,Capital Weather Gang,15309804,1326,957415,True,2008-07-03T16:18:31.000Z,"Washington, D.C.",animated_gif,['https://video.twimg.com/tweet_video/DHiJps8XYAU8ndW.mp4'],,898619506976804
25313,898629252647534593,Storms are moving closer to the Beltway but so far none of them are severe. https://t.co/Sl7pabLRY7,http://twitter.com/capitalweather/statuses/898629252647534593,2017-08-18 19:34:44+00:00,original_tweet,capitalweather,Capital Weather Gang,15309804,1326,957434,True,2008-07-03T16:18:31.000Z,"Washington, D.C.",animated_gif,['https://video.twimg.com/tweet_video/DHiSh1zXcAEdgMD.mp4'],,898629252647534
2097,898653065502277632,"Storms have arrived in the immediate metro. Flash flooding, strong wind gusts possible! Keep an eye on it tonight. https://t.co/DG7gTVfts8",http://twitter.com/capitalweather/statuses/898653065502277632,2017-08-18 21:09:21+00:00,original_tweet,capitalweather,Capital Weather Gang,15309804,1326,957463,True,2008-07-03T16:18:31.000Z,"Washington, D.C.",photo,['http://pbs.twimg.com/media/DHioMpGWAAAbKkR.jpg'],,898653065502277
83825,898667549356720128,Lots of thunder and lightning plus very heavy rain in the storms impacting the immediate area. https://t.co/3seBWC90Oy,http://twitter.com/capitalweather/statuses/898667549356720128,2017-08-18 22:06:54+00:00,original_tweet,capitalweather,Capital Weather Gang,15309804,1326,957488,True,2008-07-03T16:18:31.000Z,"Washington, D.C.",animated_gif,['https://video.twimg.com/tweet_video/DHi1T_XXsAAko9c.mp4'],,898667549356720
80779,898670271049191424,Very heavy rain in spots that have seen a ton lately. Some flash flooding is likely in DC and surrounds. https://t.co/Au6CXGUnHr,http://twitter.com/capitalweather/statuses/898670271049191424,2017-08-18 22:17:43+00:00,original_tweet,capitalweather,Capital Weather Gang,15309804,1326,957480,True,2008-07-03T16:18:31.000Z,"Washington, D.C.",photo,['http://pbs.twimg.com/media/DHi317xXsAAD8CN.jpg'],,898670271049191
72450,898679850872971264,Rain is winding down locally as the storm line pushes away. Should mostly end in the next 30-60 minutes. https://t.co/Xdz0U4JDoj,http://twitter.com/capitalweather/statuses/898679850872971264,2017-08-18 22:55:47+00:00,original_tweet,capitalweather,Capital Weather Gang,15309804,1326,957512,True,2008-07-03T16:18:31.000Z,"Washington, D.C.",photo,['http://pbs.twimg.com/media/DHjAjnAXsAAPdLh.jpg'],,898679850872971
42344,899070957381451776,848p: Intense storm on N side of Frederick should just skirt i70 as it heads east thru N Md. https://t.co/aL5Ti8fanV,http://twitter.com/capitalweather/statuses/899070957381451776,2017-08-20 00:49:54+00:00,original_tweet,capitalweather,Capital Weather Gang,15309804,1326,958095,True,2008-07-03T16:18:31.000Z,"Washington, D.C.",animated_gif,['https://video.twimg.com/tweet_video/DHokRFMXkAAgn2k.mp4'],,899070957381451
109389,899079929123540992,924p: Storms rolling into DC's western burbs including Manassas & Leesburg. https://t.co/5iSk9KcdZb,http://twitter.com/capitalweather/statuses/899079929123540992,2017-08-20 01:25:33+00:00,original_tweet,capitalweather,Capital Weather Gang,15309804,1326,958109,True,2008-07-03T16:18:31.000Z,"Washington, D.C.",animated_gif,['https://video.twimg.com/tweet_video/DHosbZ8XgAA8704.mp4'],,899079929123540
40603,899090407182802944,1006p: Scattered storms knocking on door of Beltway. Should pass thru next hour. https://t.co/V2rdBB2g8f,http://twitter.com/capitalweather/statuses/899090407182802944,2017-08-20 02:07:12+00:00,original_tweet,capitalweather,Capital Weather Gang,15309804,1326,958135,True,2008-07-03T16:18:31.000Z,"Washington, D.C.",animated_gif,['https://video.twimg.com/tweet_video/DHo19LzXgAAOU6O.mp4'],,899090407182802
69842,899226326493798400,"Missed this bit from Trump's latest press conference, which I wish someone had followed up on, because it's the opp… https://t.co/sXJ0cv2qKX",http://twitter.com/lydiadepillis/statuses/899226326493798400,2017-08-20 11:07:17+00:00,original_tweet,lydiadepillis,Lydia DePillis,21518962,2576,13655,True,2009-02-21T21:34:26.000Z,"Houston, TX",photo,['http://pbs.twimg.com/media/DHqxgMNUMAEtQDE.jpg'],,899226326493798
64206,899408473720594432,Live https://t.co/uDTjyycExz Q&A on #Eclipse2017. You sticking around D.C. tomorrow or heading elsewhere? We’ve got… https://t.co/Qx01mrnIPF,http://twitter.com/capitalweather/statuses/899408473720594432,2017-08-20 23:11:04+00:00,original_tweet,capitalweather,Capital Weather Gang,15309804,1326,958575,True,2008-07-03T16:18:31.000Z,"Washington, D.C.",video,['https://video.twimg.com/ext_tw_video/899408403730120704/pu/vid/320x180/mCslTxpvUs5hRFQ1.mp4'],National Air and Space Museum,899408473720594
56,899430052701638659,Tons of great Q&A during our #Eclipse2017 Live: https://t.co/1MIY87kBAR Sticking around D.C.? Peak dimming tomorrow… https://t.co/GYAu2Y4h70,http://twitter.com/capitalweather/statuses/899430052701638659,2017-08-21 00:36:49+00:00,original_tweet,capitalweather,Capital Weather Gang,15309804,1326,958603,True,2008-07-03T16:18:31.000Z,"Washington, D.C.",photo,['http://pbs.twimg.com/media/DHtq3HfXkAADzbv.jpg'],National Air and Space Museum,899430052701638
87101,899625647366168576,Thanks to @MontgomeryParks for the eclipse glasses. They have two viewing events today you can check out. More info… https://t.co/wmr32YFfr0,http://twitter.com/capitalweather/statuses/899625647366168576,2017-08-21 13:34:03+00:00,original_tweet,capitalweather,Capital Weather Gang,15309804,1326,958918,True,2008-07-03T16:18:31.000Z,"Washington, D.C.",photo,['http://pbs.twimg.com/media/DHwcwaQXcAAwGJ0.jpg'],,899625647366168
13881,899642776601731073,"This is what the sun did to a solar glasses lens through a @Statesman camera. So, you know, don't look *directly* a… https://t.co/N7X3oZvfUY",http://twitter.com/ndhapple/statuses/899642776601731073,2017-08-21 14:42:07+00:00,original_tweet,ndhapple,Nolan Hicks,16661097,710,3855,False,2008-10-09T02:55:10.000Z,"Austin, TX",photo,['http://pbs.twimg.com/media/DHwsVXRWAAET_Ed.jpg'],,899642776601731
43613,899699572448034816,226p: Oh noes! Thunderstorms to move into SW Fairfax Co right at eclipse peak (242p). BOO! https://t.co/TcNTTomN5H,http://twitter.com/capitalweather/statuses/899699572448034816,2017-08-21 18:27:48+00:00,original_tweet,capitalweather,Capital Weather Gang,15309804,1326,959069,True,2008-07-03T16:18:31.000Z,"Washington, D.C.",animated_gif,['https://video.twimg.com/tweet_video/DHxf_S5UQAAhEp5.mp4'],,899699572448034
48092,899702072286883841,Washington Post penthouse jammed as peak eclipse just minutes away. Great view with sun between clouds. (237p) https://t.co/mZnfswor02,http://twitter.com/capitalweather/statuses/899702072286883841,2017-08-21 18:37:44+00:00,original_tweet,capitalweather,Capital Weather Gang,15309804,1326,959060,True,2008-07-03T16:18:31.000Z,"Washington, D.C.",photo,['http://pbs.twimg.com/media/DHxiQ-fXsAI20wo.jpg'],,899702072286883
111464,899714529038389250,"HFD assisting FBI in protecting lives, property, and the environment on Albans. Command post staffed and assisting… https://t.co/UzD1zpWaaG",http://twitter.com/cohoustonfire/statuses/899714529038389250,2017-08-21 19:27:14+00:00,original_tweet,cohoustonfire,Houston Fire Dept,88957094,287,18411,False,2009-11-10T16:00:10.000Z,"Houston, Texas",photo,"['http://pbs.twimg.com/media/DHxtHgWVoAAwjEC.jpg', 'http://pbs.twimg.com/media/DHxtHgdVYAM_fvn.jpg', 'http://pbs.twimg.com/media/DHxtHgdV0AAt4sJ.jpg']",,899714529038389
115546,899716561619091456,334p: Heavy storm now passing thru D.C. Good of it to wait til after peak eclipse. https://t.co/KOVXecJscU,http://twitter.com/capitalweather/statuses/899716561619091456,2017-08-21 19:35:18+00:00,original_tweet,capitalweather,Capital Weather Gang,15309804,1326,959101,True,2008-07-03T16:18:31.000Z,"Washington, D.C.",animated_gif,['https://video.twimg.com/tweet_video/DHxvcNuXUAI_gjH.mp4'],,899716561619091
90962,899740984485056512,511p: Radar indicates poss tornado moving toward Leonardtown in St Mary's co. Seek shelter here. https://t.co/FPN6BbQ4RW,http://twitter.com/capitalweather/statuses/899740984485056512,2017-08-21 21:12:21+00:00,original_tweet,capitalweather,Capital Weather Gang,15309804,1326,959180,True,2008-07-03T16:18:31.000Z,"Washington, D.C.",animated_gif,['https://video.twimg.com/tweet_video/DHyFp4_XgAA8VNS.mp4'],,899740984485056
52997,899756598666477568,"Downpours and lightning continue to linger well south of DC, and to the east along the Bay https://t.co/sjWbEskYKx",http://twitter.com/capitalweather/statuses/899756598666477568,2017-08-21 22:14:24+00:00,original_tweet,capitalweather,Capital Weather Gang,15309804,1326,959255,True,2008-07-03T16:18:31.000Z,"Washington, D.C.",animated_gif,['https://video.twimg.com/tweet_video/DHyT2dPXkAEUHhm.mp4'],,899756598666477
47458,899758845576306688,The partial eclipse was special too! Look at this composite image via @NASA. More partial eclipse images:… https://t.co/Zo7jgYV1LJ,http://twitter.com/capitalweather/statuses/899758845576306688,2017-08-21 22:23:20+00:00,original_tweet,capitalweather,Capital Weather Gang,15309804,1326,959255,True,2008-07-03T16:18:31.000Z,"Washington, D.C.",photo,['http://pbs.twimg.com/media/DHyV3RZWsAEErxG.jpg'],,899758845576306
10732,899808653104041988,An awesome visual interactive of today's eclipse imagery. Follow this link: https://t.co/HGAD3QErlD https://t.co/dwT2zYff4Y,http://twitter.com/capitalweather/statuses/899808653104041988,2017-08-22 01:41:15+00:00,original_tweet,capitalweather,Capital Weather Gang,15309804,1326,959377,True,2008-07-03T16:18:31.000Z,"Washington, D.C.",photo,['http://pbs.twimg.com/media/DHzDC8aWsAAoqc5.jpg'],,899808653104041
9947,900010159992299521,Near Dulles Airport during the eclipse Monday. By Brandon Ginsburg. More top images of the eclipse in the DMV:… https://t.co/zeXJEzz270,http://twitter.com/capitalweather/statuses/900010159992299521,2017-08-22 15:01:58+00:00,original_tweet,capitalweather,Capital Weather Gang,15309804,1326,959705,True,2008-07-03T16:18:31.000Z,"Washington, D.C.",photo,['http://pbs.twimg.com/media/DH16SNVXcAEY26s.jpg'],,900010159992299
25646,900020297142763520,"From sun to storms, photographing Washington’s #eclipse was special. Amazing images & story by Kevin Ambrose:… https://t.co/iMhG3tNCky",http://twitter.com/capitalweather/statuses/900020297142763520,2017-08-22 15:42:15+00:00,original_tweet,capitalweather,Capital Weather Gang,15309804,1326,959714,True,2008-07-03T16:18:31.000Z,"Washington, D.C.",photo,['http://pbs.twimg.com/media/DH2DoaOWAAER7Nw.jpg'],,900020297142763
34519,900077824589131777,"Extremely heavy rain forecast for East Texas next 7 days, easily 6"" & prob a lot more from poss Hurricane #Harvey:… https://t.co/MoNa8sL81B",http://twitter.com/capitalweather/statuses/900077824589131777,2017-08-22 19:30:50+00:00,original_tweet,capitalweather,Capital Weather Gang,15309804,1326,959795,True,2008-07-03T16:18:31.000Z,"Washington, D.C.",photo,['http://pbs.twimg.com/media/DH232YiXsAAMWtM.jpg'],,900077824589131
34532,900079961415012352,Today was DC's 40th 90+ day of the summer...more than normal - but consider we had 58 last year! https://t.co/bYn6mo13LG,http://twitter.com/capitalweather/statuses/900079961415012352,2017-08-22 19:39:20+00:00,original_tweet,capitalweather,Capital Weather Gang,15309804,1326,959802,True,2008-07-03T16:18:31.000Z,"Washington, D.C.",photo,['http://pbs.twimg.com/media/DH2558UXYAA5_w6.jpg'],,900079961415012
56349,900081229176991744,Flight track for #NOAA49's mission flight studying the remains of TS Harvey. Advisories at https://t.co/3phpgKMZaS… https://t.co/TC2aOrcefj,http://twitter.com/NOAA_HurrHunter/statuses/900081229176991744,2017-08-22 19:44:22+00:00,original_tweet,noaa_hurrhunter,NOAAHurricaneHunters,619247259,218,49393,True,2012-06-26T15:20:33.000Z,"Lakeland, FL",photo,"['http://pbs.twimg.com/media/DH26czdXUAE2WLw.jpg', 'http://pbs.twimg.com/media/DH26fhvXUAIRIms.jpg']",,900081229176991
56359,900082126640611328,#NOAA49 departed moments ago for a flight in the remains of TS Harvey. Possible impacts to Texas this week. Info:… https://t.co/sDnvqMFyb8,http://twitter.com/NOAA_HurrHunter/statuses/900082126640611328,2017-08-22 19:47:56+00:00,original_tweet,noaa_hurrhunter,NOAAHurricaneHunters,619247259,218,49394,True,2012-06-26T15:20:33.000Z,"Lakeland, FL",video,['https://video.twimg.com/ext_tw_video/900081547734396928/pu/vid/318x180/Eid17WV27m3tz8h-.mp4'],,900082126640611
92634,900392084733128709,"#Harvey forecast to hit Texas Friday & stall. Incredible rain amounts poss, even 20""+. Houston in path. More info:… https://t.co/dFbXoz9qhy",http://twitter.com/capitalweather/statuses/900392084733128709,2017-08-23 16:19:36+00:00,original_tweet,capitalweather,Capital Weather Gang,15309804,1326,960273,True,2008-07-03T16:18:31.000Z,"Washington, D.C.",photo,['http://pbs.twimg.com/media/DH7U4RrXkAE8_l6.jpg'],,900392084733128
62362,900448919662059520,"#NOAA49 is airborne at 42k ft on a flight in #TDHarvey. WP-3D Orion #NOAA42 is prepping now for a night takeoff, fl… https://t.co/0WfxgBoyrN",http://twitter.com/NOAA_HurrHunter/statuses/900448919662059520,2017-08-23 20:05:26+00:00,original_tweet,noaa_hurrhunter,NOAAHurricaneHunters,619247259,218,49608,True,2012-06-26T15:20:33.000Z,"Lakeland, FL",photo,"['http://pbs.twimg.com/media/DH8JCkrXUAAD9uK.jpg', 'http://pbs.twimg.com/media/DH8JEhZXYAAkkvk.jpg']",,900448919662059
90608,900538096630067201,Report: People put sunscreen in eyes to see eclipse & being referred to ophthalmologist. We give up!… https://t.co/45ywWwjlDK,http://twitter.com/capitalweather/statuses/900538096630067201,2017-08-24 01:59:48+00:00,original_tweet,capitalweather,Capital Weather Gang,15309804,1326,960461,True,2008-07-03T16:18:31.000Z,"Washington, D.C.",photo,['http://pbs.twimg.com/media/DH9Z8nQXkAklbAi.jpg'],,900538096630067
87282,900734956380585984,HFD @FireChiefofHFD & @KiddeSafety & @HomeDepot & @BrendaStardig announce 6th annual operation save a life campaign… https://t.co/fIoDD7rtSW,http://twitter.com/cohoustonfire/statuses/900734956380585984,2017-08-24 15:02:03+00:00,original_tweet,cohoustonfire,Houston Fire Dept,88957094,288,18464,False,2009-11-10T16:00:10.000Z,"Houston, Texas",photo,"['http://pbs.twimg.com/media/DIANqYGUMAEIyTt.jpg', 'http://pbs.twimg.com/media/DIANqYGUwAUJoHq.jpg', 'http://pbs.twimg.com/media/DIANqYHUMAA-ACb.jpg']",,900734956380585
92112,900738872094715904,"HFD Durante la  6ta conferencia de prensa ""Operación Salva una Vida""con la participación de @KiddeSafety &… https://t.co/kebISIb7XO",http://twitter.com/cohoustonfire/statuses/900738872094715904,2017-08-24 15:17:36+00:00,original_tweet,cohoustonfire,Houston Fire Dept,88957094,288,18466,False,2009-11-10T16:00:10.000Z,"Houston, Texas",photo,"['http://pbs.twimg.com/media/DIARNCBXoAEYnOn.jpg', 'http://pbs.twimg.com/media/DIARNB-XYAELZdr.jpg', 'http://pbs.twimg.com/media/DIARNCTWsAAAueH.jpg', 'http://pbs.twimg.com/media/DIARNCVXkAArkGi.jpg']","Houston, TX",900738872094715
100078,900743290521358336,@KiddeSafety @BrendaStardig @HOUPublicSafety HFD recibe 3000 Detectores de Humo y 500 De Monóxido de Carbono para a… https://t.co/ousr3LcMch,http://twitter.com/cohoustonfire/statuses/900743290521358336,2017-08-24 15:35:10+00:00,original_tweet,cohoustonfire,Houston Fire Dept,88957094,288,18466,False,2009-11-10T16:00:10.000Z,"Houston, Texas",photo,"['http://pbs.twimg.com/media/DIAVNy6W0AArrzc.jpg', 'http://pbs.twimg.com/media/DIAVNxgWsAA0xg_.jpg', 'http://pbs.twimg.com/media/DIAVNxcXoAMwOqd.jpg', 'http://pbs.twimg.com/media/DIAVNxxXcAA8CFt.jpg']","Houston, TX",900743290521358
43209,900758091364519937,What do you need to put together an emergency kit for tropical storm #Harvey? Our video gives you the answers.… https://t.co/n26B0eDtmx,http://twitter.com/HoustonHealth/statuses/900758091364519937,2017-08-24 16:33:58+00:00,original_tweet,houstonhealth,Houston Health Dept,37303117,1115,3711,False,2009-05-02T22:55:17.000Z,"Houston, TX",photo,['http://pbs.twimg.com/media/DIAimhWU0AATJGx.jpg'],,900758091364519
36023,900760830408630273,"Incredible: GFS model projects #Harvey to stall over E Texas for 5 days, thru Wed, unloading 15-30"" of rain.… https://t.co/owCG15j4ra",http://twitter.com/capitalweather/statuses/900760830408630273,2017-08-24 16:44:51+00:00,original_tweet,capitalweather,Capital Weather Gang,15309804,1326,960817,True,2008-07-03T16:18:31.000Z,"Washington, D.C.",photo,['http://pbs.twimg.com/media/DIAlEZHWAAEd-DO.jpg'],,900760830408630
41108,900763179931848704,Flood disaster in the making? GFS model simulates #Harvey stalled for 5 days over Texas: https://t.co/H2pt4VJ0ty https://t.co/nLhzLs73cH,http://twitter.com/capitalweather/statuses/900763179931848704,2017-08-24 16:54:12+00:00,original_tweet,capitalweather,Capital Weather Gang,15309804,1326,960818,True,2008-07-03T16:18:31.000Z,"Washington, D.C.",animated_gif,['https://video.twimg.com/tweet_video/DIAnP-IWAAEDa8i.mp4'],,900763179931848
102508,900768546308882433,"#Harvey is now #HurricaneHarvey, maximum winds of 80 mph. Strengthening continues. Detailed run down:… https://t.co/0WQufdoNf4",http://twitter.com/capitalweather/statuses/900768546308882433,2017-08-24 17:15:31+00:00,original_tweet,capitalweather,Capital Weather Gang,15309804,1326,960833,True,2008-07-03T16:18:31.000Z,"Washington, D.C.",photo,['http://pbs.twimg.com/media/DIAsLmjWsAA2fUB.jpg'],,900768546308882
110824,900773834089017344,"Projection of 300,000 customers without power in Texas due to #Harvey from several academics:… https://t.co/ao5eOY8XYv",http://twitter.com/capitalweather/statuses/900773834089017344,2017-08-24 17:36:32+00:00,original_tweet,capitalweather,Capital Weather Gang,15309804,1326,960844,True,2008-07-03T16:18:31.000Z,"Washington, D.C.",photo,['http://pbs.twimg.com/media/DIAw44mWsAEoiTi.jpg'],,900773834089017
12984,900782734267875329,"2p update from NHC: #Harvey's winds up to 85 mph, forecast to make landfall w/ 125 mph winds, high Cat 3:… https://t.co/Xd5NGk2gHt",http://twitter.com/capitalweather/statuses/900782734267875329,2017-08-24 18:11:54+00:00,original_tweet,capitalweather,Capital Weather Gang,15309804,1326,960864,True,2008-07-03T16:18:31.000Z,"Washington, D.C.",photo,['http://pbs.twimg.com/media/DIA5F8rWsAEMePW.jpg'],,900782734267875
27742,900789862755958786,"Potential flood disaster: Like GFS, European model forecasts large area 17-32"" of rain thru Wed in eastern Texas.… https://t.co/FN0Z9yaUcZ",http://twitter.com/capitalweather/statuses/900789862755958786,2017-08-24 18:40:13+00:00,original_tweet,capitalweather,Capital Weather Gang,15309804,1326,960891,True,2008-07-03T16:18:31.000Z,"Washington, D.C.",photo,['http://pbs.twimg.com/media/DIA_NYOW0AU5Ffu.jpg'],,900789862755958
17873,900816489745453056,@FireChiefofHFD @UnivisionNews @HOUPublicSafety Jefe del Depto. de Bomberos de Houston informó de los preparativos… https://t.co/sqJVVt4lZI,http://twitter.com/cohoustonfire/statuses/900816489745453056,2017-08-24 20:26:02+00:00,original_tweet,cohoustonfire,Houston Fire Dept,88957094,288,18495,False,2009-11-10T16:00:10.000Z,"Houston, Texas",photo,"['http://pbs.twimg.com/media/DIBXzOPXkAIBAIZ.jpg', 'http://pbs.twimg.com/media/DIBXzOVWAAEy6gl.jpg', 'http://pbs.twimg.com/media/DIBXzORXoAQUODm.jpg', 'http://pbs.twimg.com/media/DIBXzOjXkAAnmwD.jpg']","Houston, TX",900816489745453
76993,900869185991053312,Timelapse of WP-3D Orion #NOAA42 flying a pass through the eye of #HurricaneHarvey from west to east. Advisories at… https://t.co/LOM5VEsoOP,http://twitter.com/NOAA_HurrHunter/statuses/900869185991053312,2017-08-24 23:55:25+00:00,original_tweet,noaa_hurrhunter,NOAAHurricaneHunters,619247259,218,50713,True,2012-06-26T15:20:33.000Z,"Lakeland, FL",video,['https://video.twimg.com/ext_tw_video/900868933200338944/pu/vid/180x320/ajQ2ULkbNTFmwKHN.mp4'],,900869185991053
86891,900922907890790400,The Weather Service had to add new color to rainfall map to convey incredible amounts poss from #Harvey:… https://t.co/JM2OA7AAxG,http://twitter.com/capitalweather/statuses/900922907890790400,2017-08-25 03:28:54+00:00,original_tweet,capitalweather,Capital Weather Gang,15309804,1326,961160,True,2008-07-03T16:18:31.000Z,"Washington, D.C.",photo,['http://pbs.twimg.com/media/DIC4ljlXUAA1PWE.jpg'],,900922907890790
33969,901055474078031872,Flight Director Mike Holmes provides the briefing to the crew of #NOAA42. They are departing soon for a flight into… https://t.co/LwHbk3Q1Yc,http://twitter.com/NOAA_HurrHunter/statuses/901055474078031872,2017-08-25 12:15:40+00:00,original_tweet,noaa_hurrhunter,NOAAHurricaneHunters,619247259,218,52626,True,2012-06-26T15:20:33.000Z,"Lakeland, FL",photo,['http://pbs.twimg.com/media/DIExKTPU0AE1K6E.jpg'],,901055474078031
33978,901056381922533382,Dire language from Weather Service office in Corpus Christi regarding effects from #Harvey: https://t.co/0amm43GlGS https://t.co/haUimebmTG,http://twitter.com/capitalweather/statuses/901056381922533382,2017-08-25 12:19:16+00:00,original_tweet,capitalweather,Capital Weather Gang,15309804,1326,961409,True,2008-07-03T16:18:31.000Z,"Washington, D.C.",photo,['http://pbs.twimg.com/media/DIEx-4qXoAAz8tI.jpg'],,901056381922533
88284,901073853304250368,"A touch of blue in the sky as @TxDOT workers erect the surge wall leading to Port Aransas, TX. The last ferry has d… https://t.co/ZQir2fZASZ",http://twitter.com/WagsPhoto/statuses/901073853304250368,2017-08-25 13:28:42+00:00,original_tweet,wagsphoto,Nick Wagner,250455672,505,560,False,2011-02-11T03:42:57.000Z,Minnesota - Texas,photo,['http://pbs.twimg.com/media/DIFB40vUwAAZsuC.jpg'],,901073853304250
91003,901075442106597377,"933a: Hurricane Harvey within range of radar. Unmistakable eye, & tightly wound bands around it. https://t.co/eOQhqimFsJ",http://twitter.com/capitalweather/statuses/901075442106597377,2017-08-25 13:35:01+00:00,original_tweet,capitalweather,Capital Weather Gang,15309804,1326,961449,True,2008-07-03T16:18:31.000Z,"Washington, D.C.",animated_gif,['https://video.twimg.com/tweet_video/DIFDVatXgAIa9Cz.mp4'],,901075442106597
109901,901080888557137920,At the surge wall @TxDOT crews wait for the last ferry crews to exit from Port Aransas before installing the last s… https://t.co/0DkARL0h93,http://twitter.com/WagsPhoto/statuses/901080888557137920,2017-08-25 13:56:39+00:00,original_tweet,wagsphoto,Nick Wagner,250455672,505,560,False,2011-02-11T03:42:57.000Z,Minnesota - Texas,photo,['http://pbs.twimg.com/media/DIFIR-wU0AA3iyx.jpg'],"Aransas Pass, TX",901080888557137
20332,901086946499362816,"Coastal Texas should know risk of ""compound flooding"" from days of storm surge & 15-25"" rain. Massive water buildup… https://t.co/MXT9wFljcJ",http://twitter.com/capitalweather/statuses/901086946499362816,2017-08-25 14:20:44+00:00,original_tweet,capitalweather,Capital Weather Gang,15309804,1326,961497,True,2008-07-03T16:18:31.000Z,"Washington, D.C.",photo,['http://pbs.twimg.com/media/DIFNyC2WAAQe_oX.jpg'],,901086946499362
11062,901093508840292352,The surge wall has been installed by @TxDOT on TX-361 between Port Aransas and Aransas Pass. #HurricaneHarvey… https://t.co/UsfTiw716D,http://twitter.com/WagsPhoto/statuses/901093508840292352,2017-08-25 14:46:48+00:00,original_tweet,wagsphoto,Nick Wagner,250455672,505,560,False,2011-02-11T03:42:57.000Z,Minnesota - Texas,photo,"['http://pbs.twimg.com/media/DIFTotIUMAY1Yy7.jpg', 'http://pbs.twimg.com/media/DIFTptIVwAAlbGG.jpg', 'http://pbs.twimg.com/media/DIFTrtwUAAEuIiO.jpg', 'http://pbs.twimg.com/media/DIFTruvVoAAfkf5.jpg']",,901093508840292
9411,901113020054745088,#NOAA WP-3D Orion #NOAA42 departing for another mission flight into #HurricaneHarvey. Storm advisories at… https://t.co/m7rhVeMAP8,http://twitter.com/NOAA_HurrHunter/statuses/901113020054745088,2017-08-25 16:04:20+00:00,original_tweet,noaa_hurrhunter,NOAAHurricaneHunters,619247259,218,53135,True,2012-06-26T15:20:33.000Z,"Lakeland, FL",video,['https://video.twimg.com/ext_tw_video/901111451531608064/pu/vid/180x320/veePCyPwiFuYxZ1K.mp4'],,901113020054745
28021,901123004343758849,#Harvey has good chance to end longest recorded 'major' hurricane drought. But wasn't Sandy major? No- we explain:… https://t.co/teyLPQXG12,http://twitter.com/capitalweather/statuses/901123004343758849,2017-08-25 16:44:00+00:00,original_tweet,capitalweather,Capital Weather Gang,15309804,1326,961566,True,2008-07-03T16:18:31.000Z,"Washington, D.C.",photo,['http://pbs.twimg.com/media/DIFuftPXkAEIH-z.jpg'],,901123004343758
23994,901124771957682176,Live radar image from moments ago on P-3 #NOAA42. The crew will make multiple passes through the eye. Advisories at… https://t.co/Fhdf1Aeg3h,http://twitter.com/NOAA_HurrHunter/statuses/901124771957682176,2017-08-25 16:51:02+00:00,original_tweet,noaa_hurrhunter,NOAAHurricaneHunters,619247259,218,53278,True,2012-06-26T15:20:33.000Z,"Lakeland, FL",photo,['http://pbs.twimg.com/media/DIFwDjvXsAEGHXu.jpg'],,901124771957682
24014,901126293537914881,#NOAA42 in the eye of #HurricaneHarvey now. Strong winds recorded in the eyewall. Advisories at… https://t.co/yxtZ5KpnUr,http://twitter.com/NOAA_HurrHunter/statuses/901126293537914881,2017-08-25 16:57:05+00:00,original_tweet,noaa_hurrhunter,NOAAHurricaneHunters,619247259,218,53293,True,2012-06-26T15:20:33.000Z,"Lakeland, FL",photo,['http://pbs.twimg.com/media/DIFxVfhWAAAyjCx.jpg'],,901126293537914
65884,901132820638294016,Tropical-storm-force winds have reached Texas coast. Storm surge of 1-2 ft reported already. Updated #Harvey info:… https://t.co/k15v2cnztz,http://twitter.com/capitalweather/statuses/901132820638294016,2017-08-25 17:23:01+00:00,original_tweet,capitalweather,Capital Weather Gang,15309804,1326,961584,True,2008-07-03T16:18:31.000Z,"Washington, D.C.",photo,['http://pbs.twimg.com/media/DIF3ZvVWsAEom4G.jpg'],,901132820638294
69970,901135063911366657,"Scary, close-up @WeatherBell map of GFS model rainfall forecast for region around Houston. More on #Harvey:… https://t.co/1NPQu8VmO7",http://twitter.com/capitalweather/statuses/901135063911366657,2017-08-25 17:31:56+00:00,original_tweet,capitalweather,Capital Weather Gang,15309804,1326,961588,True,2008-07-03T16:18:31.000Z,"Washington, D.C.",photo,['http://pbs.twimg.com/media/DIF5WmfXsAEGNtk.jpg'],,901135063911366
37596,901152291365019653,"Mind-boggling and extremely troubling: European model simulates as much as 50-60"" of rain from #Harvey:… https://t.co/pLLDy3bBu5",http://twitter.com/capitalweather/statuses/901152291365019653,2017-08-25 18:40:23+00:00,original_tweet,capitalweather,Capital Weather Gang,15309804,1326,961630,True,2008-07-03T16:18:31.000Z,"Washington, D.C.",photo,['http://pbs.twimg.com/media/DIGJDJBXcAMzbGO.jpg'],,901152291365019
32850,901178332414443526,WP-3D Orion #NOAA42 making multiple passes through the eye of #HurricaneHarvey now. Advisories at… https://t.co/soSEqJCk5c,http://twitter.com/NOAA_HurrHunter/statuses/901178332414443526,2017-08-25 20:23:52+00:00,original_tweet,noaa_hurrhunter,NOAAHurricaneHunters,619247259,219,53842,True,2012-06-26T15:20:33.000Z,"Lakeland, FL",photo,['http://pbs.twimg.com/media/DIGg6WpW0AEuuxZ.jpg'],,901178332414443
97146,901195575504375808,Power outage model from university researchers projects nearly a million outages from #Harvey in Texas:… https://t.co/4QrVx2zkhU,http://twitter.com/capitalweather/statuses/901195575504375808,2017-08-25 21:32:23+00:00,original_tweet,capitalweather,Capital Weather Gang,15309804,1326,961782,True,2008-07-03T16:18:31.000Z,"Washington, D.C.",photo,['http://pbs.twimg.com/media/DIGwhD3W0AAj0j9.jpg'],,901195575504375
110572,901223106697711616,"A look at Cat 4 #Hurricane Harvey, just hours from landfall. https://t.co/NcsIJyDdvE",http://twitter.com/capitalweather/statuses/901223106697711616,2017-08-25 23:21:47+00:00,original_tweet,capitalweather,Capital Weather Gang,15309804,1326,961865,True,2008-07-03T16:18:31.000Z,"Washington, D.C.",photo,['http://pbs.twimg.com/media/DIHJnlkXYAAvzAf.jpg'],,901223106697711
79861,901239169808310273,824p: Harvey's destructive eyewall to move ashore next couple hours. Worst N of Corpus Christi https://t.co/VecmKgsgm5,http://twitter.com/capitalweather/statuses/901239169808310273,2017-08-26 00:25:36+00:00,original_tweet,capitalweather,Capital Weather Gang,15309804,1326,961927,True,2008-07-03T16:18:31.000Z,"Washington, D.C.",animated_gif,['https://video.twimg.com/tweet_video/DIHYPsVXcAQBzbe.mp4'],,901239169808310
58084,901246531151548416,WP-3D Orion #NOAA42 just returned from the last flight in #HurricaneHarvey.  Advisories at https://t.co/3phpgKMZaS… https://t.co/Cj2zGFmpvH,http://twitter.com/NOAA_HurrHunter/statuses/901246531151548416,2017-08-26 00:54:52+00:00,original_tweet,noaa_hurrhunter,NOAAHurricaneHunters,619247259,219,54366,True,2012-06-26T15:20:33.000Z,"Lakeland, FL",photo,"['http://pbs.twimg.com/media/DIHe5kUV0AAjWvS.jpg', 'http://pbs.twimg.com/media/DIHe5kTUwAA02K_.jpg', 'http://pbs.twimg.com/media/DIHe6BSVYAEwASG.jpg']",,901246531151548
59721,901266357597212672,"1012p: Rockport, Tex getting absolutely hammered by Harvey's western eyewall. https://t.co/0g4wdBKPjc",http://twitter.com/capitalweather/statuses/901266357597212672,2017-08-26 02:13:39+00:00,original_tweet,capitalweather,Capital Weather Gang,15309804,1326,962051,True,2008-07-03T16:18:31.000Z,"Washington, D.C.",animated_gif,['https://video.twimg.com/tweet_video/DIHw-LLW0AAzW8A.mp4'],,901266357597212
69338,901270411597533185,"#Harvey has already dumped up to 5"" of rain in spots. Just a drop though compared to what may fall next several day… https://t.co/cPkl4QOvrj",http://twitter.com/capitalweather/statuses/901270411597533185,2017-08-26 02:29:45+00:00,original_tweet,capitalweather,Capital Weather Gang,15309804,1326,962072,True,2008-07-03T16:18:31.000Z,"Washington, D.C.",photo,['http://pbs.twimg.com/media/DIH0qYvXsAAX1Ea.jpg'],,901270411597533
115332,901296135075188736,"1210a: Eye of #Harvey over Rockport, Tex. where structures damaged. More damaging winds to come. https://t.co/K5KRFz01yU",http://twitter.com/capitalweather/statuses/901296135075188736,2017-08-26 04:11:58+00:00,original_tweet,capitalweather,Capital Weather Gang,15309804,1326,962161,True,2008-07-03T16:18:31.000Z,"Washington, D.C.",animated_gif,['https://video.twimg.com/tweet_video/DIIMDkYWsAEA-NG.mp4'],,901296135075188
48256,901311526686134274,"@FireChiefofHFD @MarioGa50826448 Alerta de Inundaciones ha sido extendida incluyendo Houston ,Polk y Trinity hasta… https://t.co/mggKQTQePF",http://twitter.com/cohoustonfire/statuses/901311526686134274,2017-08-26 05:13:08+00:00,original_tweet,cohoustonfire,Houston Fire Dept,88957094,290,18804,False,2009-11-10T16:00:10.000Z,"Houston, Texas",photo,"['http://pbs.twimg.com/media/DIIaDSdVwAEYivr.jpg', 'http://pbs.twimg.com/media/DIIaDScUMAACpsh.jpg']","Houston, TX",901311526686134
51187,901435494243938309,Video from inside the eye of #HurricaneHarvey on #NOAA WP-3D Orion #NOAA42. Credit Chris Mehta/NOAA. Updates at… https://t.co/B6QWOCsHuM,http://twitter.com/NOAA_HurrHunter/statuses/901435494243938309,2017-08-26 13:25:44+00:00,original_tweet,noaa_hurrhunter,NOAAHurricaneHunters,619247259,219,55052,True,2012-06-26T15:20:33.000Z,"Lakeland, FL",video,['https://video.twimg.com/ext_tw_video/901434465016303616/pu/vid/180x320/De746tQmS6l5N5hA.mp4'],,901435494243938
71881,901449773290582018,"1020a: Core of #Harvey just W of Victoria, Tex. Torrential rain, strong winds esp there & east. https://t.co/UDGRmJOJmH",http://twitter.com/capitalweather/statuses/901449773290582018,2017-08-26 14:22:28+00:00,original_tweet,capitalweather,Capital Weather Gang,15309804,1326,962508,True,2008-07-03T16:18:31.000Z,"Washington, D.C.",animated_gif,['https://video.twimg.com/tweet_video/DIKXycvXsAA9nQV.mp4'],,901449773290582
78995,901459080182718464,"Catastrophic damage in Rockport, Texas. Many buildings destroyed, power lines blocking roads. #HurricaneHarvey… https://t.co/9eOBfobS6g",http://twitter.com/WagsPhoto/statuses/901459080182718464,2017-08-26 14:59:27+00:00,original_tweet,wagsphoto,Nick Wagner,250455672,513,625,False,2011-02-11T03:42:57.000Z,Minnesota - Texas,video,['https://video.twimg.com/ext_tw_video/901458186552582144/pu/vid/320x180/XoKwC_Y1iDsuHbVS.mp4'],Rockport,901459080182718
22388,901470995151814656,"Scenes out of Rockport after the eye of #HurricaneHarvey ripped through the town of over 10,000 people. Catastrophi… https://t.co/uQMtir0XcA",http://twitter.com/WagsPhoto/statuses/901470995151814656,2017-08-26 15:46:48+00:00,original_tweet,wagsphoto,Nick Wagner,250455672,513,636,False,2011-02-11T03:42:57.000Z,Minnesota - Texas,photo,"['http://pbs.twimg.com/media/DIKqo2YUQAAg05Z.jpg', 'http://pbs.twimg.com/media/DIKqo2yVYAAJ5q_.jpg', 'http://pbs.twimg.com/media/DIKqrIPVwAMmpgJ.jpg', 'http://pbs.twimg.com/media/DIKqvJHUMAExgRT.jpg']","Texas, USA",901470995151814
22389,901471006187024387,"Rainfall amounts rising from #Harvey, nearing 15 inches in some areas: https://t.co/QdPiUB0PYY https://t.co/EFEU8EgYq7",http://twitter.com/capitalweather/statuses/901471006187024387,2017-08-26 15:46:51+00:00,original_tweet,capitalweather,Capital Weather Gang,15309804,1326,962537,True,2008-07-03T16:18:31.000Z,"Washington, D.C.",photo,"['http://pbs.twimg.com/media/DIKrBO-U0AA4-nq.jpg', 'http://pbs.twimg.com/media/DIKrE7ZVoAAA3-_.jpg']",,901471006187024
26143,901472809884545024,With #HurricaneHarvey over land we are done flying. See all of the flights from #NOAA42 (P3) & #NOAA49 (G-IV) over… https://t.co/52dfjQC1fr,http://twitter.com/NOAA_HurrHunter/statuses/901472809884545024,2017-08-26 15:54:01+00:00,original_tweet,noaa_hurrhunter,NOAAHurricaneHunters,619247259,221,55234,True,2012-06-26T15:20:33.000Z,"Lakeland, FL",photo,"['http://pbs.twimg.com/media/DIKsukQXUAUva3G.jpg', 'http://pbs.twimg.com/media/DIKsukZXkAAp3FE.jpg']",,901472809884545
39861,901519752534863872,Brazos and San Bernard rivers forecast to set new records on Monday and Tuesday. This is incredible.… https://t.co/5amSzxqGVl,http://twitter.com/capitalweather/statuses/901519752534863872,2017-08-26 19:00:33+00:00,original_tweet,capitalweather,Capital Weather Gang,15309804,1327,962661,True,2008-07-03T16:18:31.000Z,"Washington, D.C.",photo,"['http://pbs.twimg.com/media/DILXUvmXYAIX5JQ.jpg', 'http://pbs.twimg.com/media/DILXaOJW0AEsbRU.jpg']",,901519752534863
104585,901539402601680897,"All in all, around 50 river gauges across Southeast Texas are predicted to crest in major flood stage.… https://t.co/tZmRPy1QHQ",http://twitter.com/capitalweather/statuses/901539402601680897,2017-08-26 20:18:38+00:00,original_tweet,capitalweather,Capital Weather Gang,15309804,1327,962702,True,2008-07-03T16:18:31.000Z,"Washington, D.C.",photo,['http://pbs.twimg.com/media/DILpRmMXkAAdN6S.jpg'],,901539402601680
91806,901548667152281602,BREAKING: Brays Bayou isn't flooding. For perhaps the first time in history. (Taken about 330pm at Chimney Rock and… https://t.co/MZsZoxkH4r,http://twitter.com/ndhapple/statuses/901548667152281602,2017-08-26 20:55:26+00:00,original_tweet,ndhapple,Nolan Hicks,16661097,711,3875,False,2008-10-09T02:55:10.000Z,"Austin, TX",photo,['http://pbs.twimg.com/media/DILxuxBVwAAf3SZ.jpg'],,901548667152281
56746,901592344394334209,Wind-wise things are really picking up at the moment in Montrose. You can see how fast the clouds are moving agains… https://t.co/2inklzJxSI,http://twitter.com/ndhapple/statuses/901592344394334209,2017-08-26 23:49:00+00:00,original_tweet,ndhapple,Nolan Hicks,16661097,711,3875,False,2008-10-09T02:55:10.000Z,"Austin, TX",video,['https://video.twimg.com/ext_tw_video/901592248562753536/pu/vid/240x240/KDhRWw81i67RfI3f.mp4'],,901592344394334
29311,901620268115906561,"Widespread 6-12"" of rain already in SE Texas, isolated areas of 18-20"". Still 15-25""+ yet to come. More info:… https://t.co/G8FgkqR8q4",http://twitter.com/capitalweather/statuses/901620268115906561,2017-08-27 01:39:57+00:00,original_tweet,capitalweather,Capital Weather Gang,15309804,1327,962856,True,2008-07-03T16:18:31.000Z,"Washington, D.C.",photo,"['http://pbs.twimg.com/media/DIMyN9RXoAADaIz.jpg', 'http://pbs.twimg.com/media/DIMyQbtW0AE00N4.jpg']",,901620268115906
102212,901626841160712194,1003p: Intense feeder band from #Harvey to bring torrential rain into Houston; rough night ahead https://t.co/1aEkICiBxw,http://twitter.com/capitalweather/statuses/901626841160712194,2017-08-27 02:06:05+00:00,original_tweet,capitalweather,Capital Weather Gang,15309804,1327,962884,True,2008-07-03T16:18:31.000Z,"Washington, D.C.",animated_gif,['https://video.twimg.com/tweet_video/DIM41CNXYAECad2.mp4'],,901626841160712
106209,901628524410363904,"Here's what it looks/sounds like  as a miles-long string of thunderstorms, in one of Harvey's bands, socks and soak… https://t.co/z2ym2Xf4Ey",http://twitter.com/ndhapple/statuses/901628524410363904,2017-08-27 02:12:46+00:00,original_tweet,ndhapple,Nolan Hicks,16661097,711,3875,False,2008-10-09T02:55:10.000Z,"Austin, TX",video,['https://video.twimg.com/ext_tw_video/901628289449525248/pu/vid/320x180/f3EeWTrKokYrdgXi.mp4'],,901628524410363
90073,901639713752264704,"This is what four inches of rain in an hour can do to Brays Bayou. That's what it looked like at 3pm-ish, at the st… https://t.co/nR601pHGjh",http://twitter.com/ndhapple/statuses/901639713752264704,2017-08-27 02:57:14+00:00,original_tweet,ndhapple,Nolan Hicks,16661097,711,3877,False,2008-10-09T02:55:10.000Z,"Austin, TX",photo,"['http://pbs.twimg.com/media/DINEhZbVwAIM8Ib.jpg', 'http://pbs.twimg.com/media/DINEhZcVYAAmsv_.jpg']",,901639713752264
39809,901652287478779904,"I have no idea how Tom Abrams is doing this live shot with all this lightning, but it's compelling TV. That's Brays… https://t.co/7RquZsBKuA",http://twitter.com/ndhapple/statuses/901652287478779904,2017-08-27 03:47:11+00:00,original_tweet,ndhapple,Nolan Hicks,16661097,711,3877,False,2008-10-09T02:55:10.000Z,"Austin, TX",photo,"['http://pbs.twimg.com/media/DINP9ohVYAEpfTz.jpg', 'http://pbs.twimg.com/media/DINP9olVoAAWXYc.jpg']",,901652287478779
15557,901682076981841920,La Oficina de Coordinación de Emergencias de la Ciudad de Houston ha estado atendiendo múltiples incidentes desde l… https://t.co/wYwvUdkK2X,http://twitter.com/cohoustonfire/statuses/901682076981841920,2017-08-27 05:45:34+00:00,original_tweet,cohoustonfire,Houston Fire Dept,88957094,290,19061,False,2009-11-10T16:00:10.000Z,"Houston, Texas",photo,['http://pbs.twimg.com/media/DINrEH4UwAAZbJT.jpg'],,901682076981841
62382,901783557009485824,"Rain totals across Houston for the last 12hrs: Southeast (Hobby), 3rd/5th Wards, 6th Ward/Neartown, Southwest (Meye… https://t.co/PCXSGOEbUY",http://twitter.com/ndhapple/statuses/901783557009485824,2017-08-27 12:28:48+00:00,original_tweet,ndhapple,Nolan Hicks,16661097,711,3887,False,2008-10-09T02:55:10.000Z,"Austin, TX",photo,['http://pbs.twimg.com/media/DIPGp-rUMAEA0C4.jpg'],,901783557009485
21327,901805041727746048,"Major flood disaster in Houston, multiple fatalities, 2 feet of rain, rivers at record levels. The sum of all fears… https://t.co/Nm3jaXbAVI",http://twitter.com/capitalweather/statuses/901805041727746048,2017-08-27 13:54:11+00:00,original_tweet,capitalweather,Capital Weather Gang,15309804,1330,963317,True,2008-07-03T16:18:31.000Z,"Washington, D.C.",photo,['http://pbs.twimg.com/media/DIPa26pW0AA__UC.jpg'],,901805041727746
107590,901811257354969090,1017a: It gets worse. Big area of torrential rain moving over Houston. More disastrous flooding. https://t.co/OJQJfA6Vkx,http://twitter.com/capitalweather/statuses/901811257354969090,2017-08-27 14:18:53+00:00,original_tweet,capitalweather,Capital Weather Gang,15309804,1330,963336,True,2008-07-03T16:18:31.000Z,"Washington, D.C.",animated_gif,['https://video.twimg.com/tweet_video/DIPgjlwWAAA_s74.mp4'],,901811257354969
114076,901814720281411585,Observed rainfall estimated over past 24 hours in SE Texas. National Weather Service needs to add to their color ba… https://t.co/vtd55OYM81,http://twitter.com/capitalweather/statuses/901814720281411585,2017-08-27 14:32:38+00:00,original_tweet,capitalweather,Capital Weather Gang,15309804,1330,963357,True,2008-07-03T16:18:31.000Z,"Washington, D.C.",photo,['http://pbs.twimg.com/media/DIPjpLpW4AAJxMR.jpg'],,901814720281411
51843,901823339009859584,"NEW: ""Isolated storm totals may reach 50"" in this region."" Our updated #Houston story: https://t.co/gk24h5k7OJ (Pho… https://t.co/iiJtIV5sVZ",http://twitter.com/capitalweather/statuses/901823339009859584,2017-08-27 15:06:53+00:00,original_tweet,capitalweather,Capital Weather Gang,15309804,1330,963386,True,2008-07-03T16:18:31.000Z,"Washington, D.C.",photo,['http://pbs.twimg.com/media/DIPrXgYXYAUqoj_.jpg'],,901823339009859
98257,901843025432907778,1223p: Relentless rain in Houston. And a tornado warning. Unimaginably bad situation. https://t.co/VlAOA0LRkw,http://twitter.com/capitalweather/statuses/901843025432907778,2017-08-27 16:25:07+00:00,original_tweet,capitalweather,Capital Weather Gang,15309804,1330,963486,True,2008-07-03T16:18:31.000Z,"Washington, D.C.",animated_gif,['https://video.twimg.com/tweet_video/DIP9cuwXcAAcohK.mp4'],,901843025432907
86803,901875224811102209,"At the George R. Brown convention center downtown, which is being transformed into a temporary shelter for folks fl… https://t.co/fCOKbz000l",http://twitter.com/ndhapple/statuses/901875224811102209,2017-08-27 18:33:04+00:00,original_tweet,ndhapple,Nolan Hicks,16661097,711,3894,False,2008-10-09T02:55:10.000Z,"Austin, TX",photo,"['http://pbs.twimg.com/media/DIQaujgV4AAvjg2.jpg', 'http://pbs.twimg.com/media/DIQaujfUQAALB_n.jpg']",,901875224811102
59802,901879909127217154,"In Port Aransas, the city is still on lockdown. Police have set up a blockade and are turning away residents.… https://t.co/QNnrukW2a3",http://twitter.com/WagsPhoto/statuses/901879909127217154,2017-08-27 18:51:41+00:00,original_tweet,wagsphoto,Nick Wagner,250455672,514,665,False,2011-02-11T03:42:57.000Z,Minnesota - Texas,photo,"['http://pbs.twimg.com/media/DIQJdHlUMAIDQf4.jpg', 'http://pbs.twimg.com/media/DIQJe9DV4AA6Bd1.jpg', 'http://pbs.twimg.com/media/DIQJhrYUQAAlBqW.jpg', 'http://pbs.twimg.com/media/DIQe3aNUIAA7LcJ.jpg']",,901879909127217
27785,901886066713616384,"Rainfall totals over SE Tex, and zoomed in on Houston, as of Sunday early afternoon. More info:… https://t.co/8h17ibXUkW",http://twitter.com/capitalweather/statuses/901886066713616384,2017-08-27 19:16:09+00:00,original_tweet,capitalweather,Capital Weather Gang,15309804,1331,963689,True,2008-07-03T16:18:31.000Z,"Washington, D.C.",photo,"['http://pbs.twimg.com/media/DIQkhqLVYAABunf.png', 'http://pbs.twimg.com/media/DIQkklhUwAAAf3t.jpg']",,901886066713616
19727,901890916843184131,Several cars lined up in Corpus for Bill Miller BBQ that's being prepared out of two refrigerated trucks.… https://t.co/ctrDX6I8Tv,http://twitter.com/WagsPhoto/statuses/901890916843184131,2017-08-27 19:35:25+00:00,original_tweet,wagsphoto,Nick Wagner,250455672,514,666,False,2011-02-11T03:42:57.000Z,Minnesota - Texas,photo,['http://pbs.twimg.com/media/DIQpASFUQAA7CA1.jpg'],Bill Miller,901890916843184
12956,901892193899728898,Weather Service: Disastrous flooding from #Harvey worse than Allison in Houston in half the time.… https://t.co/Cqr2KK6EVi,http://twitter.com/capitalweather/statuses/901892193899728898,2017-08-27 19:40:30+00:00,original_tweet,capitalweather,Capital Weather Gang,15309804,1331,963709,True,2008-07-03T16:18:31.000Z,"Washington, D.C.",photo,['http://pbs.twimg.com/media/DIQqJbaXgAAoigh.jpg'],,901892193899728
7652,901894868531904513,"Please use 911 for life-threatening emergencies, and 311 or the HPD non-emergency number 713-884-3131 as appropriat… https://t.co/oLjSKKZ3gg",http://twitter.com/cohoustonfire/statuses/901894868531904513,2017-08-27 19:51:07+00:00,original_tweet,cohoustonfire,Houston Fire Dept,88957094,290,19773,False,2009-11-10T16:00:10.000Z,"Houston, Texas",photo,['http://pbs.twimg.com/media/DIQsliEVAAIo0Qv.jpg'],,901894868531904
78771,901908280485830656,"Euro model shows another 20-30"" of rain in Houston next 5 days - on top of 15-30"" already. Unimaginable, unfair.… https://t.co/aZ0cMKLPkj",http://twitter.com/capitalweather/statuses/901908280485830656,2017-08-27 20:44:25+00:00,original_tweet,capitalweather,Capital Weather Gang,15309804,1331,963754,True,2008-07-03T16:18:31.000Z,"Washington, D.C.",photo,['http://pbs.twimg.com/media/DIQ4pMFW0AA2---.jpg'],,901908280485830
5113,901921342743863297,"Up to 1000 people will be sleeping on cots like these at the George R. Brown Convention Center. At 3pm, Red Cross s… https://t.co/6uSvFQaRHP",http://twitter.com/ndhapple/statuses/901921342743863297,2017-08-27 21:36:19+00:00,original_tweet,ndhapple,Nolan Hicks,16661097,711,3896,False,2008-10-09T02:55:10.000Z,"Austin, TX",photo,"['http://pbs.twimg.com/media/DIRErMPUEAAr1iD.jpg', 'http://pbs.twimg.com/media/DIRErMQUMAE3LhQ.jpg', 'http://pbs.twimg.com/media/DIRErMSUMAA1LUU.jpg']",,901921342743863
77029,901927760700035072,"Hurricane Center now says #Harvey may drift back over Gulf, restrengthen slightly, & make 2nd landfall near Houston… https://t.co/KGdJQRB7Bu",http://twitter.com/capitalweather/statuses/901927760700035072,2017-08-27 22:01:49+00:00,original_tweet,capitalweather,Capital Weather Gang,15309804,1331,963837,True,2008-07-03T16:18:31.000Z,"Washington, D.C.",photo,['http://pbs.twimg.com/media/DIRKbPmW4AMiR13.jpg'],,901927760700035
85681,901933492619153408,Live https://t.co/uDTjyycExz #Harvey rains & impact discussion + how to help TX & LA. Unimaginable catastrophe to g… https://t.co/azVSrjGLiz,http://twitter.com/capitalweather/statuses/901933492619153408,2017-08-27 22:24:36+00:00,original_tweet,capitalweather,Capital Weather Gang,15309804,1331,963853,True,2008-07-03T16:18:31.000Z,"Washington, D.C.",video,['https://video.twimg.com/ext_tw_video/901933433349394432/pu/vid/320x180/sR3oHWEb75msSut4.mp4'],,901933492619153
63367,901941493904101382,Remember this guy? His truck still works and he's really happy about it! National Guard pulled it out of the floode… https://t.co/JIUa57CJMX,http://twitter.com/WagsPhoto/statuses/901941493904101382,2017-08-27 22:56:24+00:00,original_tweet,wagsphoto,Nick Wagner,250455672,514,670,False,2011-02-11T03:42:57.000Z,Minnesota - Texas,video,['https://video.twimg.com/ext_tw_video/901941307957854208/pu/vid/320x180/PwTlyRhJk-S9ZoQe.mp4'],"Rockport, TX",901941493904101
24280,901946390527582209,"Lots of human stories from our reporters all over the city, but a neighborhood message board is most crushing… https://t.co/UTlruuUDfc",http://twitter.com/lydiadepillis/statuses/901946390527582209,2017-08-27 23:15:51+00:00,original_tweet,lydiadepillis,Lydia DePillis,21518962,2584,13715,True,2009-02-21T21:34:26.000Z,"Houston, TX",photo,['http://pbs.twimg.com/media/DIRbcIkVoAAG_kt.jpg'],,901946390527582
110712,901974712674377728,"Lull before the storm: Here's the scene at the Harris Co. EOC, and the hardworking folks putting in 15-20 hour days… https://t.co/wziLgT0lMK",http://twitter.com/ndhapple/statuses/901974712674377728,2017-08-28 01:08:24+00:00,original_tweet,ndhapple,Nolan Hicks,16661097,711,3896,False,2008-10-09T02:55:10.000Z,"Austin, TX",photo,"['http://pbs.twimg.com/media/DIR1MOcVwAAdvbk.jpg', 'http://pbs.twimg.com/media/DIR1MOdVoAEzUYc.jpg']",,901974712674377
50265,902000846380179456,"1051p: Not good at all. Up to 3"" of rain in last hour alone west side of Houston. https://t.co/YZja6NcHcN",http://twitter.com/capitalweather/statuses/902000846380179456,2017-08-28 02:52:14+00:00,original_tweet,capitalweather,Capital Weather Gang,15309804,1331,964034,True,2008-07-03T16:18:31.000Z,"Washington, D.C.",photo,['http://pbs.twimg.com/media/DISM_PPXcAQWnt2.jpg'],,902000846380179
50271,902001369833500673,1053p: Some of the heaviest rain of the day coming through Houston. https://t.co/1Wr1J3WlSN,http://twitter.com/capitalweather/statuses/902001369833500673,2017-08-28 02:54:19+00:00,original_tweet,capitalweather,Capital Weather Gang,15309804,1331,964033,True,2008-07-03T16:18:31.000Z,"Washington, D.C.",animated_gif,['https://video.twimg.com/tweet_video/DISNdgrXgAEYicx.mp4'],,902001369833500
72338,902129984357191680,"723a: Heavy rain near, east of Beaumont, Tex. Still raining in Houston but not as hard for now. https://t.co/t1BZpPxEQS",http://twitter.com/capitalweather/statuses/902129984357191680,2017-08-28 11:25:23+00:00,original_tweet,capitalweather,Capital Weather Gang,15309804,1331,964241,True,2008-07-03T16:18:31.000Z,"Washington, D.C.",animated_gif,['https://video.twimg.com/tweet_video/DIUCb5SXgAAsOVy.mp4'],,902129984357191
94532,902186790047686656,"""Unfathomable"" rain totals - 25-35 inches estimated around Houston. Graphic via @CODMeteorology. More info:… https://t.co/dSVqGkgcvl",http://twitter.com/capitalweather/statuses/902186790047686656,2017-08-28 15:11:07+00:00,original_tweet,capitalweather,Capital Weather Gang,15309804,1331,964353,True,2008-07-03T16:18:31.000Z,"Washington, D.C.",photo,['http://pbs.twimg.com/media/DIU2CtIXgAEAjqM.jpg'],,902186790047686
94565,902188952655994880,"Still ANOTHER 8-17"" possible around Houston, perhaps up to 20"" in hardest it spots. Totals over 50"" poss. More:… https://t.co/eDNGhARbMC",http://twitter.com/capitalweather/statuses/902188952655994880,2017-08-28 15:19:42+00:00,original_tweet,capitalweather,Capital Weather Gang,15309804,1331,964361,True,2008-07-03T16:18:31.000Z,"Washington, D.C.",photo,['http://pbs.twimg.com/media/DIU3yhcWAAQ3-xf.jpg'],,902188952655994
112235,902196264384782337,1148a: The rain in Houston is just relentless. https://t.co/z1VaLd2dhh,http://twitter.com/capitalweather/statuses/902196264384782337,2017-08-28 15:48:46+00:00,original_tweet,capitalweather,Capital Weather Gang,15309804,1331,964376,True,2008-07-03T16:18:31.000Z,"Washington, D.C.",animated_gif,['https://video.twimg.com/tweet_video/DIU-t8rVoAA3tmv.mp4'],,902196264384782
46633,902200170389045248,That reprieve from heavy rains overnight looks to be over. It's been steadily and heavily raining for the ~90 minut… https://t.co/escYtwJP0s,http://twitter.com/ndhapple/statuses/902200170389045248,2017-08-28 16:04:17+00:00,original_tweet,ndhapple,Nolan Hicks,16661097,711,3916,False,2008-10-09T02:55:10.000Z,"Austin, TX",photo,['http://pbs.twimg.com/media/DIVCRHyVAAAFdv1.jpg'],,902200170389045
33436,902210052643311616,"As rainfall totals near 40"" in SE Texas, flash flood watch expanded into New Orleans where 5-10"" poss. More info:… https://t.co/9LBi2oCEnX",http://twitter.com/capitalweather/statuses/902210052643311616,2017-08-28 16:43:33+00:00,original_tweet,capitalweather,Capital Weather Gang,15309804,1331,964403,True,2008-07-03T16:18:31.000Z,"Washington, D.C.",photo,['http://pbs.twimg.com/media/DIVLK0pXcAAS9e8.jpg'],,902210052643311
104023,902220298182938624,123p: No mercy. Continued moderate rain streaming over Houston. https://t.co/udU2aeDI0f,http://twitter.com/capitalweather/statuses/902220298182938624,2017-08-28 17:24:16+00:00,original_tweet,capitalweather,Capital Weather Gang,15309804,1331,964416,True,2008-07-03T16:18:31.000Z,"Washington, D.C.",animated_gif,['https://video.twimg.com/tweet_video/DIVUk1vW4AAG7mW.mp4'],,902220298182938
108094,902222247796121601,"Latest GFS model run still showing another 12-20"" for Houston and surrounding area thru late Thurs. #Harvey https://t.co/mhfxFlVMVz",http://twitter.com/capitalweather/statuses/902222247796121601,2017-08-28 17:32:01+00:00,original_tweet,capitalweather,Capital Weather Gang,15309804,1331,964417,True,2008-07-03T16:18:31.000Z,"Washington, D.C.",photo,['http://pbs.twimg.com/media/DIVWRy8XcAIyuVN.jpg'],,902222247796121
67593,902249299366567936,"Visualization of observed rainfall, and track of #Harvey from @PostGraphics. Updated info on the storm:… https://t.co/zlOcKINOp4",http://twitter.com/capitalweather/statuses/902249299366567936,2017-08-28 19:19:30+00:00,original_tweet,capitalweather,Capital Weather Gang,15309804,1331,964451,True,2008-07-03T16:18:31.000Z,"Washington, D.C.",photo,['http://pbs.twimg.com/media/DIVtzc_XkAIULOK.jpg'],,902249299366567
83509,902258125167874050,"MAP: The entire Houston metro is affected by flooding. Here’s what’s under water, via @PostGraphics… https://t.co/OkkZOjSylV",http://twitter.com/capitalweather/statuses/902258125167874050,2017-08-28 19:54:34+00:00,original_tweet,capitalweather,Capital Weather Gang,15309804,1331,964466,True,2008-07-03T16:18:31.000Z,"Washington, D.C.",photo,['http://pbs.twimg.com/media/DIV2bWhWAAAiAEr.jpg'],,902258125167874
27567,902264574707150849,Fantastic animation from @PostGraphics showing the accumulation of rain in Southeast Texas over the past few days.… https://t.co/9aYDvrjGzm,http://twitter.com/capitalweather/statuses/902264574707150849,2017-08-28 20:20:12+00:00,original_tweet,capitalweather,Capital Weather Gang,15309804,1331,964481,True,2008-07-03T16:18:31.000Z,"Washington, D.C.",animated_gif,['https://video.twimg.com/tweet_video/DIV8v9jXoAAcIVW.mp4'],,902264574707150
73645,902283768420909056,@FireChiefofHFD @FireChiefofHFD Salir para muchos no es necesario.NO MANEJEN en dirección opuesta.Es Extremadamente… https://t.co/xpzTw52FQg,http://twitter.com/cohoustonfire/statuses/902283768420909056,2017-08-28 21:36:28+00:00,original_tweet,cohoustonfire,Houston Fire Dept,88957094,290,20825,False,2009-11-10T16:00:10.000Z,"Houston, Texas",photo,['http://pbs.twimg.com/media/DIWOSQMV4AAvI4I.jpg'],"Houston, TX",902283768420909
4282,902293637098328064,"Another 10-20"" predicted in SE Texas, including Houston, w/ ""devastating consequences on rescue & recovery efforts.… https://t.co/jSCLXc11tt",http://twitter.com/capitalweather/statuses/902293637098328064,2017-08-28 22:15:41+00:00,original_tweet,capitalweather,Capital Weather Gang,15309804,1331,964519,True,2008-07-03T16:18:31.000Z,"Washington, D.C.",photo,['http://pbs.twimg.com/media/DIWW7CjWsAEEH83.jpg'],,902293637098328
16637,902304526400724994,"657p: Endless stream of rain, heavy at times, flowing into Houston. Not over by a long shot. https://t.co/wemEQ11Olk",http://twitter.com/capitalweather/statuses/902304526400724994,2017-08-28 22:58:57+00:00,original_tweet,capitalweather,Capital Weather Gang,15309804,1331,964525,True,2008-07-03T16:18:31.000Z,"Washington, D.C.",animated_gif,['https://video.twimg.com/tweet_video/DIWhLi2XkAA07bX.mp4'],,902304526400724
68119,902306470565478401,"A couple scenes from my day here, like this family, who hadn't eaten in days before reaching a shelter.… https://t.co/ibLe99JhBy",http://twitter.com/lydiadepillis/statuses/902306470565478401,2017-08-28 23:06:41+00:00,original_tweet,lydiadepillis,Lydia DePillis,21518962,2585,13748,True,2009-02-21T21:34:26.000Z,"Houston, TX",photo,['http://pbs.twimg.com/media/DIWi8n_VwAAiUeL.jpg'],"Houston, TX",902306470565478
61107,902344265413615616,934p: Hideous and heinous plume of heavy rain parked over Houston. https://t.co/EZD6PuHHxE,http://twitter.com/capitalweather/statuses/902344265413615616,2017-08-29 01:36:52+00:00,original_tweet,capitalweather,Capital Weather Gang,15309804,1331,964620,True,2008-07-03T16:18:31.000Z,"Washington, D.C.",animated_gif,['https://video.twimg.com/tweet_video/DIXFUq6XkAEU7JS.mp4'],,902344265413615
18254,902351885960609792,"Nearly 8"" of rain today alone at Houston Hobby. We're running out of colors to plot totals. Our latest update:… https://t.co/1s2aF24lWl",http://twitter.com/capitalweather/statuses/902351885960609792,2017-08-29 02:07:09+00:00,original_tweet,capitalweather,Capital Weather Gang,15309804,1331,964645,True,2008-07-03T16:18:31.000Z,"Washington, D.C.",photo,['http://pbs.twimg.com/media/DIXMFW0XUAA2wDn.png'],,902351885960609
87582,902499289989042178,"751a: A cool, rainy morning in DC due to coastal storm. Grab Umbrellas and even a light jacket https://t.co/w28NA7l1bP",http://twitter.com/capitalweather/statuses/902499289989042178,2017-08-29 11:52:53+00:00,original_tweet,capitalweather,Capital Weather Gang,15309804,1331,964933,True,2008-07-03T16:18:31.000Z,"Washington, D.C.",animated_gif,['https://video.twimg.com/tweet_video/DIZSUWGXYAA_KAh.mp4'],,902499289989042
98124,902523509519388674,"928a: Rain still pushing through Houston, heaviest on east side of town. https://t.co/OO3sLR2vL8",http://twitter.com/capitalweather/statuses/902523509519388674,2017-08-29 13:29:07+00:00,original_tweet,capitalweather,Capital Weather Gang,15309804,1331,964986,True,2008-07-03T16:18:31.000Z,"Washington, D.C.",animated_gif,['https://video.twimg.com/tweet_video/DIZoWFqW4AER5kB.mp4'],,902523509519388
69414,902556659758878720,"Weather Service: ""The #Harvey 3-to-4 day rainfall totals of greater than 40 inches are simply mind-blowing"":… https://t.co/pRH7fY0Mw6",http://twitter.com/capitalweather/statuses/902556659758878720,2017-08-29 15:40:51+00:00,original_tweet,capitalweather,Capital Weather Gang,15309804,1331,965064,True,2008-07-03T16:18:31.000Z,"Washington, D.C.",photo,['http://pbs.twimg.com/media/DIaGegHUMAArdLV.jpg'],,902556659758878
69428,902557945044586496,"King Air #NOAA68 is airborne now over land impacted by #Harvey, taking pictures with high-res cameras. Imagery here… https://t.co/KYOwaVbIAy",http://twitter.com/NOAA_HurrHunter/statuses/902557945044586496,2017-08-29 15:45:57+00:00,original_tweet,noaa_hurrhunter,NOAAHurricaneHunters,619247259,224,55899,True,2012-06-26T15:20:33.000Z,"Lakeland, FL",photo,"['http://pbs.twimg.com/media/DIaHgoXVYAAmafy.jpg', 'http://pbs.twimg.com/media/DIaHptPVwAAhPsb.jpg']",,902557945044586
71378,902579047993143296,D.C. region -- rain is starting to lighten up a bit. Tapers off 6-7pm. Nats delay possible. https://t.co/rFo1cvrNwn,http://twitter.com/capitalweather/statuses/902579047993143296,2017-08-29 17:09:48+00:00,original_tweet,capitalweather,Capital Weather Gang,15309804,1331,965120,True,2008-07-03T16:18:31.000Z,"Washington, D.C.",animated_gif,['https://video.twimg.com/tweet_video/DIaa2U1VYAAbAGx.mp4'],,902579047993143
50307,902594902755860480,212p: Rains in Houston have slowed. Galveston to Port Arthur getting hammered. https://t.co/keAsackFv4,http://twitter.com/capitalweather/statuses/902594902755860480,2017-08-29 18:12:48+00:00,original_tweet,capitalweather,Capital Weather Gang,15309804,1331,965161,True,2008-07-03T16:18:31.000Z,"Washington, D.C.",animated_gif,['https://video.twimg.com/tweet_video/DIapRu2UMAAmDcS.mp4'],,902594902755860
55022,902601585771065344,Meyerland Kroger still closed. Lots of disappointed visitors. They were at least letting people stay in the entrywa… https://t.co/rnQgYjTDVU,http://twitter.com/lydiadepillis/statuses/902601585771065344,2017-08-29 18:39:22+00:00,original_tweet,lydiadepillis,Lydia DePillis,21518962,2586,13762,True,2009-02-21T21:34:26.000Z,"Houston, TX",photo,['http://pbs.twimg.com/media/DIavWXjUQAEoowT.jpg'],,902601585771065
109100,902608099919454209,"Happy to share this. NWS now forecasting just a few more inches of new rain, maybe less, around Houston. More info:… https://t.co/Br2X0FXGlv",http://twitter.com/capitalweather/statuses/902608099919454209,2017-08-29 19:05:15+00:00,original_tweet,capitalweather,Capital Weather Gang,15309804,1331,965185,True,2008-07-03T16:18:31.000Z,"Washington, D.C.",photo,['http://pbs.twimg.com/media/DIa1C25V4AE11qI.jpg'],,902608099919454
44595,902634835201724417,Rain slowly exiting the D.C. Region but it will be a couple hours until it's over. Nats delay likely. https://t.co/QsKIY75IEK,http://twitter.com/capitalweather/statuses/902634835201724417,2017-08-29 20:51:29+00:00,original_tweet,capitalweather,Capital Weather Gang,15309804,1331,965245,True,2008-07-03T16:18:31.000Z,"Washington, D.C.",animated_gif,['https://video.twimg.com/tweet_video/DIbNlfTUQAADUmv.mp4'],,902634835201724
90391,902642809068544000,"When in doubt, throw it out: Throw all foods that were contaminated or came in contact with the #Harvey floodwaters… https://t.co/5Kcflk1Cnu",http://twitter.com/HoustonHealth/statuses/902642809068544000,2017-08-29 21:23:10+00:00,original_tweet,houstonhealth,Houston Health Dept,37303117,1115,3755,False,2009-05-02T22:55:17.000Z,"Houston, TX",photo,['http://pbs.twimg.com/media/DIbUFt4V4AEAVjd.jpg'],,902642809068544
48927,902653181905301504,Harvey total now 51.9 inches - separating itself further from past storms. More info: https://t.co/5exBzMdkR5 https://t.co/aWQghpwT1k,http://twitter.com/capitalweather/statuses/902653181905301504,2017-08-29 22:04:23+00:00,original_tweet,capitalweather,Capital Weather Gang,15309804,1331,965295,True,2008-07-03T16:18:31.000Z,"Washington, D.C.",photo,['http://pbs.twimg.com/media/DIbeNnSWsAUjbWv.jpg'],,902653181905301
48940,902654291655233541,Practice good hygiene such as hand washing after any contact with #Harvey floodwaters. https://t.co/weYGLK2U9U… https://t.co/gcawMkMEWf,http://twitter.com/HoustonHealth/statuses/902654291655233541,2017-08-29 22:08:48+00:00,original_tweet,houstonhealth,Houston Health Dept,37303117,1115,3762,False,2009-05-02T22:55:17.000Z,"Houston, TX",photo,['http://pbs.twimg.com/media/DIbdr2cUIAETw42.jpg'],,902654291655233
46528,902655582976581632,"613p: rain starting to taper, pull away from DC. #Nats may delay but should get game in. https://t.co/61DI8n9DNq",http://twitter.com/capitalweather/statuses/902655582976581632,2017-08-29 22:13:56+00:00,original_tweet,capitalweather,Capital Weather Gang,15309804,1331,965300,True,2008-07-03T16:18:31.000Z,"Washington, D.C.",animated_gif,['https://video.twimg.com/tweet_video/DIbgdxdXkAYXDvh.mp4'],,902655582976581
70981,902689497883795456,"Floodwater often carries germs. If you touch it, make sure to wash your hands with soap and water.… https://t.co/innB4J3sTD",http://twitter.com/HoustonHealth/statuses/902689497883795456,2017-08-30 00:28:42+00:00,original_tweet,houstonhealth,Houston Health Dept,37303117,1115,3776,False,2009-05-02T22:55:17.000Z,"Houston, TX",photo,['http://pbs.twimg.com/media/DIb91K9UQAAJ2CP.jpg'],,902689497883795
76393,902715383723024385,Turn your #emergency food supply for #Harvey into life-saving meals with our #EmergencyPreparedness #Cookbook.… https://t.co/QkbrIM8GJo,http://twitter.com/HoustonHealth/statuses/902715383723024385,2017-08-30 02:11:33+00:00,original_tweet,houstonhealth,Houston Health Dept,37303117,1115,3780,False,2009-05-02T22:55:17.000Z,"Houston, TX",photo,['http://pbs.twimg.com/media/DIcW207XgAEof1b.jpg'],,902715383723024
82230,902718168795402240,"While Houston mostly cleared of rain, flash flood emergency around Beaumont/Port Arthur. 3""/hour rain rates. More:… https://t.co/VXdaw0VqZb",http://twitter.com/capitalweather/statuses/902718168795402240,2017-08-30 02:22:37+00:00,original_tweet,capitalweather,Capital Weather Gang,15309804,1331,965452,True,2008-07-03T16:18:31.000Z,"Washington, D.C.",photo,['http://pbs.twimg.com/media/DIcZWo2XkAEzl4R.jpg'],,902718168795402
41496,902885240737337344,Texas End Stage Renal Dialysis can help #diabetics locate #dialysis service in areas impacted by #Harvey . Toll-fre… https://t.co/Pg2fMKgxjL,http://twitter.com/HoustonHealth/statuses/902885240737337344,2017-08-30 13:26:30+00:00,original_tweet,houstonhealth,Houston Health Dept,37303117,1115,3788,False,2009-05-02T22:55:17.000Z,"Houston, TX",photo,['http://pbs.twimg.com/media/DIevsriUQAAsUML.jpg'],,902885240737337
41500,902885825607815168,"Incredible: Beaumont-Port Arthur logged record 26"" rain in 24 hours, storm total over 45"". Devastating flooding.… https://t.co/HxLoZrob9o",http://twitter.com/capitalweather/statuses/902885825607815168,2017-08-30 13:28:50+00:00,original_tweet,capitalweather,Capital Weather Gang,15309804,1331,965697,True,2008-07-03T16:18:31.000Z,"Washington, D.C.",photo,['http://pbs.twimg.com/media/DIexw3XVYAASLeC.jpg'],,902885825607815
49039,902891820333617152,"Harvey may still produce a ribbon of 4-8""+ from W & N Louisiana into W Tenn and Ky. Not over. More info:… https://t.co/OFamrnGsKQ",http://twitter.com/capitalweather/statuses/902891820333617152,2017-08-30 13:52:39+00:00,original_tweet,capitalweather,Capital Weather Gang,15309804,1331,965713,True,2008-07-03T16:18:31.000Z,"Washington, D.C.",photo,['http://pbs.twimg.com/media/DIe3RucVAAECCmL.jpg'],,902891820333617
10572,902922027228639233,"Here are some stats about the amount of rain that fell in Houston. In short, it was biblical --… https://t.co/pOtyaL2bxJ",http://twitter.com/ndhapple/statuses/902922027228639233,2017-08-30 15:52:41+00:00,original_tweet,ndhapple,Nolan Hicks,16661097,711,3941,False,2008-10-09T02:55:10.000Z,"Austin, TX",photo,['http://pbs.twimg.com/media/DIfSxYnW0AAg9eP.jpg'],,902922027228639
60898,902928750047789056,Practice good hygiene such as hand washing after any contact with #Harvey floodwaters. https://t.co/weYGLK2U9U… https://t.co/n0WUZcXuIk,http://twitter.com/HoustonHealth/statuses/902928750047789056,2017-08-30 16:19:24+00:00,original_tweet,houstonhealth,Houston Health Dept,37303117,1115,3793,False,2009-05-02T22:55:17.000Z,"Houston, TX",photo,['http://pbs.twimg.com/media/DIfYYIOWsAE6ng5.jpg'],,902928750047789
97410,902990379414376451,"Adorable, right?  Wrong. https://t.co/sjPTiECmi2 https://t.co/NgnINgpj8w",http://twitter.com/capitalweather/statuses/902990379414376451,2017-08-30 20:24:17+00:00,original_tweet,capitalweather,Capital Weather Gang,15309804,1331,965930,True,2008-07-03T16:18:31.000Z,"Washington, D.C.",photo,['http://pbs.twimg.com/media/DIgQ7JlXkAMB2cj.jpg'],,902990379414376
32776,903007567928070145,"Do not eat any food that came in contact with #Harvey floodwaters. When in doubt, throw it out.… https://t.co/vAMpv09SlL",http://twitter.com/HoustonHealth/statuses/903007567928070145,2017-08-30 21:32:35+00:00,original_tweet,houstonhealth,Houston Health Dept,37303117,1115,3811,False,2009-05-02T22:55:17.000Z,"Houston, TX",photo,['http://pbs.twimg.com/media/DIgeqELVYAAvPVM.jpg'],,903007567928070
99759,903261523929432065,"As evidence that Houston is slowly returning to normal, I'm happy to report that traffic on the West Loop is back t… https://t.co/8SdKxM6gOu",http://twitter.com/ndhapple/statuses/903261523929432065,2017-08-31 14:21:43+00:00,original_tweet,ndhapple,Nolan Hicks,16661097,712,3942,False,2008-10-09T02:55:10.000Z,"Austin, TX",photo,['http://pbs.twimg.com/media/DIkHkAWUMAA3h_1.jpg'],,903261523929432
53865,903303058121261056,As if it all hasn't been enough -- tornado warnings being issued northern MS and around the Memphis region. #harvey https://t.co/kc5Ia2WP3k,http://twitter.com/capitalweather/statuses/903303058121261056,2017-08-31 17:06:46+00:00,original_tweet,capitalweather,Capital Weather Gang,15309804,1332,966476,True,2008-07-03T16:18:31.000Z,"Washington, D.C.",photo,['http://pbs.twimg.com/media/DIktVz-XkAEWAK3.jpg'],,903303058121261
69055,903323984531513345,"Area of 20""+ rain in Texas covers more real estate than ten separate US states. Twice as big as Maryland. More:… https://t.co/eVTr82meRX",http://twitter.com/capitalweather/statuses/903323984531513345,2017-08-31 18:29:55+00:00,original_tweet,capitalweather,Capital Weather Gang,15309804,1332,966512,True,2008-07-03T16:18:31.000Z,"Washington, D.C.",photo,['http://pbs.twimg.com/media/DIlAT_TXUAARMsK.jpg'],,903323984531513
61514,903430097448968192,Much of this is ground clutter. But the tiny spots of dark green/yellow/red are isolated moderate to heavy showers https://t.co/9F65IHEavt,http://twitter.com/capitalweather/statuses/903430097448968192,2017-09-01 01:31:34+00:00,original_tweet,capitalweather,Capital Weather Gang,15309804,1333,966684,True,2008-07-03T16:18:31.000Z,"Washington, D.C.",animated_gif,['https://video.twimg.com/tweet_video/DImg4HxXgAA5i5K.mp4'],,903430097448968
52650,903499136003039233,"The problem is, without making such deals, most of think tank land would cease to exist. New business model needed.… https://t.co/20zgMsnpNv",http://twitter.com/lydiadepillis/statuses/903499136003039233,2017-09-01 06:05:54+00:00,original_tweet,lydiadepillis,Lydia DePillis,21518962,2587,13930,True,2009-02-21T21:34:26.000Z,"Houston, TX",photo,['http://pbs.twimg.com/media/DInfR_BV4AQRljL.jpg'],,903499136003039
93513,903604046652682241,"Buffalo Bayou still swollen & turgid. Can't imagine what will remain of this beautiful park, which has been such a… https://t.co/BqxuFQArK0",http://twitter.com/lydiadepillis/statuses/903604046652682241,2017-09-01 13:02:47+00:00,original_tweet,lydiadepillis,Lydia DePillis,21518962,2587,13932,True,2009-02-21T21:34:26.000Z,"Houston, TX",photo,['http://pbs.twimg.com/media/DIo_EkFUIAAl3XX.jpg'],,903604046652682
89327,903607438267604993,#NOAA Twin Otter #NOAA48 joins King Air #NOAA68 for emergency response tasking in TX. Both aircraft have high-res c… https://t.co/nS8TsivN9Q,http://twitter.com/NOAA_HurrHunter/statuses/903607438267604993,2017-09-01 13:16:16+00:00,original_tweet,noaa_hurrhunter,NOAAHurricaneHunters,619247259,224,56556,True,2012-06-26T15:20:33.000Z,"Lakeland, FL",photo,"['http://pbs.twimg.com/media/DIpCCoTXcAAhNuk.jpg', 'http://pbs.twimg.com/media/DIpCJqkXgAA0KCB.jpg', 'http://pbs.twimg.com/media/DIpCJrRXcAAnkkx.jpg', 'http://pbs.twimg.com/media/DIpCIzGXcAEPryM.jpg']",,903607438267604
24404,903625085420007430,"Will be dry in DMV for a few hours, but remnants of #Harvey arrive later this afternoon. ☔️ https://t.co/mjBNRgd6mW",http://twitter.com/capitalweather/statuses/903625085420007430,2017-09-01 14:26:23+00:00,original_tweet,capitalweather,Capital Weather Gang,15309804,1333,966988,True,2008-07-03T16:18:31.000Z,"Washington, D.C.",photo,['http://pbs.twimg.com/media/DIpSOcnXUAEMbeU.jpg'],,903625085420007
4371,903651042151333890,Harvey's legacy will be its rain. But let's not forget about its devastating 130-mph winds at landfall in Rockport:… https://t.co/jq3Sa4FIF9,http://twitter.com/capitalweather/statuses/903651042151333890,2017-09-01 16:09:32+00:00,original_tweet,capitalweather,Capital Weather Gang,15309804,1333,967008,True,2008-07-03T16:18:31.000Z,"Washington, D.C.",animated_gif,['https://video.twimg.com/tweet_video/DIpptrrUEAEFvLL.mp4'],,903651042151333
62844,903670071033298944,Rain incoming. Could arrive in Beltway by evening commute. https://t.co/xlXEklzXHJ,http://twitter.com/capitalweather/statuses/903670071033298944,2017-09-01 17:25:08+00:00,original_tweet,capitalweather,Capital Weather Gang,15309804,1333,967037,True,2008-07-03T16:18:31.000Z,"Washington, D.C.",animated_gif,['https://video.twimg.com/tweet_video/DIp7HvRXYAAhJEZ.mp4'],,903670071033298
45545,903681049716281344,Met these guys cleaning out homes yesterday in Spring. Most of Cy-Fair High's football and rugby teams pitching in… https://t.co/q3q4jNPDh1,http://twitter.com/lydiadepillis/statuses/903681049716281344,2017-09-01 18:08:46+00:00,original_tweet,lydiadepillis,Lydia DePillis,21518962,2587,13940,True,2009-02-21T21:34:26.000Z,"Houston, TX",photo,"['http://pbs.twimg.com/media/DIqFFWgV4AAgaGW.jpg', 'http://pbs.twimg.com/media/DIqFFWhUIAAftyO.jpg']",,903681049716281
47041,903720735692161025,Houston Health Department testing water from private wells in 17 area counties impacted by #Harvey.… https://t.co/7BwBmSMBMc,http://twitter.com/HoustonHealth/statuses/903720735692161025,2017-09-01 20:46:28+00:00,original_tweet,houstonhealth,Houston Health Dept,37303117,1116,3892,False,2009-05-02T22:55:17.000Z,"Houston, TX",photo,['http://pbs.twimg.com/media/DIqnEQbUQAAR26Z.jpg'],,903720735692161
114387,903734862930219008,"Of all new TX laws taking effect today, this is the most revealing of #txlege priorities: Rape prosecution optional… https://t.co/EW1IFEDYyA",http://twitter.com/lydiadepillis/statuses/903734862930219008,2017-09-01 21:42:36+00:00,original_tweet,lydiadepillis,Lydia DePillis,21518962,2588,13946,True,2009-02-21T21:34:26.000Z,"Houston, TX",photo,['http://pbs.twimg.com/media/DIq1vB4UMAEqU4n.jpg'],,903734862930219
71683,903804428368703492,Dry air has been winning out this evening. Still could see an uptick in rain later tonight but seems to be less tha… https://t.co/w3e35R9PCk,http://twitter.com/capitalweather/statuses/903804428368703492,2017-09-02 02:19:02+00:00,original_tweet,capitalweather,Capital Weather Gang,15309804,1333,967219,True,2008-07-03T16:18:31.000Z,"Washington, D.C.",animated_gif,['https://video.twimg.com/tweet_video/DIr1SyAW0AAQ6fv.mp4'],,903804428368703
35540,903884075257270272,Fire inspectors on the job @NRGParkFan keeping #HarveyFlood #HarveyHeroes #harveyhouston safe in the aftermath of… https://t.co/34vEap0D7F,http://twitter.com/cohoustonfire/statuses/903884075257270272,2017-09-02 07:35:31+00:00,original_tweet,cohoustonfire,Houston Fire Dept,88957094,293,22498,False,2009-11-10T16:00:10.000Z,"Houston, Texas",video,['https://video.twimg.com/ext_tw_video/903883891680743424/pu/vid/240x240/o2p78qSGA-zdF2aM.mp4'],,903884075257270
43728,903975403827679234,"Showers across the area this morning, heaviest now over northern suburbs but more pushing in from the south. https://t.co/hEIEeob9kk",http://twitter.com/capitalweather/statuses/903975403827679234,2017-09-02 13:38:25+00:00,original_tweet,capitalweather,Capital Weather Gang,15309804,1333,967500,True,2008-07-03T16:18:31.000Z,"Washington, D.C.",animated_gif,['https://video.twimg.com/tweet_video/DIuQzNeXkAANsVI.mp4'],,903975403827679
