,Unnamed: 0,id,text,link,created_at,tweet_type,user.screen_name,user.name,user.id,user.friends,user.followers,user.verified,user.account_created_at,user.location,media.media_type,media.media_urls,geolocation,id.trunc,hrisk_img,relevant,forecast
31,31,900077824589131777,"Extremely heavy rain forecast for East Texas next 7 days, easily 6"" & prob a lot more from poss Hurricane #Harvey:… https://t.co/MoNa8sL81B",http://twitter.com/capitalweather/statuses/900077824589131777,2017-08-22 19:30:50+00:00,original_tweet,capitalweather,Capital Weather Gang,15309804,1326,959795,True,2008-07-03T16:18:31.000Z,"Washington, D.C.",photo,['http://pbs.twimg.com/media/DH232YiXsAAMWtM.jpg'],,900077824589131,yes,yes,yes
35,35,900392084733128709,"#Harvey forecast to hit Texas Friday & stall. Incredible rain amounts poss, even 20""+. Houston in path. More info:… https://t.co/dFbXoz9qhy",http://twitter.com/capitalweather/statuses/900392084733128709,2017-08-23 16:19:36+00:00,original_tweet,capitalweather,Capital Weather Gang,15309804,1326,960273,True,2008-07-03T16:18:31.000Z,"Washington, D.C.",photo,['http://pbs.twimg.com/media/DH7U4RrXkAE8_l6.jpg'],,900392084733128,yes,yes,yes
36,36,900448919662059520,"#NOAA49 is airborne at 42k ft on a flight in #TDHarvey. WP-3D Orion #NOAA42 is prepping now for a night takeoff, fl… https://t.co/0WfxgBoyrN",http://twitter.com/NOAA_HurrHunter/statuses/900448919662059520,2017-08-23 20:05:26+00:00,original_tweet,noaa_hurrhunter,NOAAHurricaneHunters,619247259,218,49608,True,2012-06-26T15:20:33.000Z,"Lakeland, FL",photo,"['http://pbs.twimg.com/media/DH8JCkrXUAAD9uK.jpg', 'http://pbs.twimg.com/media/DH8JEhZXYAAkkvk.jpg']",,900448919662059,yes,yes,no
42,42,900760830408630273,"Incredible: GFS model projects #Harvey to stall over E Texas for 5 days, thru Wed, unloading 15-30"" of rain.… https://t.co/owCG15j4ra",http://twitter.com/capitalweather/statuses/900760830408630273,2017-08-24 16:44:51+00:00,original_tweet,capitalweather,Capital Weather Gang,15309804,1326,960817,True,2008-07-03T16:18:31.000Z,"Washington, D.C.",photo,['http://pbs.twimg.com/media/DIAlEZHWAAEd-DO.jpg'],,900760830408630,yes,yes,yes
43,43,900763179931848704,Flood disaster in the making? GFS model simulates #Harvey stalled for 5 days over Texas: https://t.co/H2pt4VJ0ty https://t.co/nLhzLs73cH,http://twitter.com/capitalweather/statuses/900763179931848704,2017-08-24 16:54:12+00:00,original_tweet,capitalweather,Capital Weather Gang,15309804,1326,960818,True,2008-07-03T16:18:31.000Z,"Washington, D.C.",animated_gif,['https://video.twimg.com/tweet_video/DIAnP-IWAAEDa8i.mp4'],,900763179931848,yes,yes,yes
44,44,900768546308882433,"#Harvey is now #HurricaneHarvey, maximum winds of 80 mph. Strengthening continues. Detailed run down:… https://t.co/0WQufdoNf4",http://twitter.com/capitalweather/statuses/900768546308882433,2017-08-24 17:15:31+00:00,original_tweet,capitalweather,Capital Weather Gang,15309804,1326,960833,True,2008-07-03T16:18:31.000Z,"Washington, D.C.",photo,['http://pbs.twimg.com/media/DIAsLmjWsAA2fUB.jpg'],,900768546308882,yes,yes,no
45,45,900773834089017344,"Projection of 300,000 customers without power in Texas due to #Harvey from several academics:… https://t.co/ao5eOY8XYv",http://twitter.com/capitalweather/statuses/900773834089017344,2017-08-24 17:36:32+00:00,original_tweet,capitalweather,Capital Weather Gang,15309804,1326,960844,True,2008-07-03T16:18:31.000Z,"Washington, D.C.",photo,['http://pbs.twimg.com/media/DIAw44mWsAEoiTi.jpg'],,900773834089017,yes,yes,yes
46,46,900782734267875329,"2p update from NHC: #Harvey's winds up to 85 mph, forecast to make landfall w/ 125 mph winds, high Cat 3:… https://t.co/Xd5NGk2gHt",http://twitter.com/capitalweather/statuses/900782734267875329,2017-08-24 18:11:54+00:00,original_tweet,capitalweather,Capital Weather Gang,15309804,1326,960864,True,2008-07-03T16:18:31.000Z,"Washington, D.C.",photo,['http://pbs.twimg.com/media/DIA5F8rWsAEMePW.jpg'],,900782734267875,yes,yes,yes
47,47,900789862755958786,"Potential flood disaster: Like GFS, European model forecasts large area 17-32"" of rain thru Wed in eastern Texas.… https://t.co/FN0Z9yaUcZ",http://twitter.com/capitalweather/statuses/900789862755958786,2017-08-24 18:40:13+00:00,original_tweet,capitalweather,Capital Weather Gang,15309804,1326,960891,True,2008-07-03T16:18:31.000Z,"Washington, D.C.",photo,['http://pbs.twimg.com/media/DIA_NYOW0AU5Ffu.jpg'],,900789862755958,yes,yes,yes
50,50,900922907890790400,The Weather Service had to add new color to rainfall map to convey incredible amounts poss from #Harvey:… https://t.co/JM2OA7AAxG,http://twitter.com/capitalweather/statuses/900922907890790400,2017-08-25 03:28:54+00:00,original_tweet,capitalweather,Capital Weather Gang,15309804,1326,961160,True,2008-07-03T16:18:31.000Z,"Washington, D.C.",photo,['http://pbs.twimg.com/media/DIC4ljlXUAA1PWE.jpg'],,900922907890790,yes,yes,yes
52,52,901056381922533382,Dire language from Weather Service office in Corpus Christi regarding effects from #Harvey: https://t.co/0amm43GlGS https://t.co/haUimebmTG,http://twitter.com/capitalweather/statuses/901056381922533382,2017-08-25 12:19:16+00:00,original_tweet,capitalweather,Capital Weather Gang,15309804,1326,961409,True,2008-07-03T16:18:31.000Z,"Washington, D.C.",photo,['http://pbs.twimg.com/media/DIEx-4qXoAAz8tI.jpg'],,901056381922533,yes,yes,yes
54,54,901075442106597377,"933a: Hurricane Harvey within range of radar. Unmistakable eye, & tightly wound bands around it. https://t.co/eOQhqimFsJ",http://twitter.com/capitalweather/statuses/901075442106597377,2017-08-25 13:35:01+00:00,original_tweet,capitalweather,Capital Weather Gang,15309804,1326,961449,True,2008-07-03T16:18:31.000Z,"Washington, D.C.",animated_gif,['https://video.twimg.com/tweet_video/DIFDVatXgAIa9Cz.mp4'],,901075442106597,yes,yes,no
56,56,901086946499362816,"Coastal Texas should know risk of ""compound flooding"" from days of storm surge & 15-25"" rain. Massive water buildup… https://t.co/MXT9wFljcJ",http://twitter.com/capitalweather/statuses/901086946499362816,2017-08-25 14:20:44+00:00,original_tweet,capitalweather,Capital Weather Gang,15309804,1326,961497,True,2008-07-03T16:18:31.000Z,"Washington, D.C.",photo,['http://pbs.twimg.com/media/DIFNyC2WAAQe_oX.jpg'],,901086946499362,yes,yes,yes
59,59,901123004343758849,#Harvey has good chance to end longest recorded 'major' hurricane drought. But wasn't Sandy major? No- we explain:… https://t.co/teyLPQXG12,http://twitter.com/capitalweather/statuses/901123004343758849,2017-08-25 16:44:00+00:00,original_tweet,capitalweather,Capital Weather Gang,15309804,1326,961566,True,2008-07-03T16:18:31.000Z,"Washington, D.C.",photo,['http://pbs.twimg.com/media/DIFuftPXkAEIH-z.jpg'],,901123004343758,yes,yes,no
60,60,901124771957682176,Live radar image from moments ago on P-3 #NOAA42. The crew will make multiple passes through the eye. Advisories at… https://t.co/Fhdf1Aeg3h,http://twitter.com/NOAA_HurrHunter/statuses/901124771957682176,2017-08-25 16:51:02+00:00,original_tweet,noaa_hurrhunter,NOAAHurricaneHunters,619247259,218,53278,True,2012-06-26T15:20:33.000Z,"Lakeland, FL",photo,['http://pbs.twimg.com/media/DIFwDjvXsAEGHXu.jpg'],,901124771957682,yes,yes,no
61,61,901126293537914881,#NOAA42 in the eye of #HurricaneHarvey now. Strong winds recorded in the eyewall. Advisories at… https://t.co/yxtZ5KpnUr,http://twitter.com/NOAA_HurrHunter/statuses/901126293537914881,2017-08-25 16:57:05+00:00,original_tweet,noaa_hurrhunter,NOAAHurricaneHunters,619247259,218,53293,True,2012-06-26T15:20:33.000Z,"Lakeland, FL",photo,['http://pbs.twimg.com/media/DIFxVfhWAAAyjCx.jpg'],,901126293537914,yes,yes,no
62,62,901132820638294016,Tropical-storm-force winds have reached Texas coast. Storm surge of 1-2 ft reported already. Updated #Harvey info:… https://t.co/k15v2cnztz,http://twitter.com/capitalweather/statuses/901132820638294016,2017-08-25 17:23:01+00:00,original_tweet,capitalweather,Capital Weather Gang,15309804,1326,961584,True,2008-07-03T16:18:31.000Z,"Washington, D.C.",photo,['http://pbs.twimg.com/media/DIF3ZvVWsAEom4G.jpg'],,901132820638294,yes,yes,no
63,63,901135063911366657,"Scary, close-up @WeatherBell map of GFS model rainfall forecast for region around Houston. More on #Harvey:… https://t.co/1NPQu8VmO7",http://twitter.com/capitalweather/statuses/901135063911366657,2017-08-25 17:31:56+00:00,original_tweet,capitalweather,Capital Weather Gang,15309804,1326,961588,True,2008-07-03T16:18:31.000Z,"Washington, D.C.",photo,['http://pbs.twimg.com/media/DIF5WmfXsAEGNtk.jpg'],,901135063911366,yes,yes,yes
64,64,901152291365019653,"Mind-boggling and extremely troubling: European model simulates as much as 50-60"" of rain from #Harvey:… https://t.co/pLLDy3bBu5",http://twitter.com/capitalweather/statuses/901152291365019653,2017-08-25 18:40:23+00:00,original_tweet,capitalweather,Capital Weather Gang,15309804,1326,961630,True,2008-07-03T16:18:31.000Z,"Washington, D.C.",photo,['http://pbs.twimg.com/media/DIGJDJBXcAMzbGO.jpg'],,901152291365019,yes,yes,yes
65,65,901178332414443526,WP-3D Orion #NOAA42 making multiple passes through the eye of #HurricaneHarvey now. Advisories at… https://t.co/soSEqJCk5c,http://twitter.com/NOAA_HurrHunter/statuses/901178332414443526,2017-08-25 20:23:52+00:00,original_tweet,noaa_hurrhunter,NOAAHurricaneHunters,619247259,219,53842,True,2012-06-26T15:20:33.000Z,"Lakeland, FL",photo,['http://pbs.twimg.com/media/DIGg6WpW0AEuuxZ.jpg'],,901178332414443,yes,yes,no
66,66,901195575504375808,Power outage model from university researchers projects nearly a million outages from #Harvey in Texas:… https://t.co/4QrVx2zkhU,http://twitter.com/capitalweather/statuses/901195575504375808,2017-08-25 21:32:23+00:00,original_tweet,capitalweather,Capital Weather Gang,15309804,1326,961782,True,2008-07-03T16:18:31.000Z,"Washington, D.C.",photo,['http://pbs.twimg.com/media/DIGwhD3W0AAj0j9.jpg'],,901195575504375,yes,yes,yes
67,67,901223106697711616,"A look at Cat 4 #Hurricane Harvey, just hours from landfall. https://t.co/NcsIJyDdvE",http://twitter.com/capitalweather/statuses/901223106697711616,2017-08-25 23:21:47+00:00,original_tweet,capitalweather,Capital Weather Gang,15309804,1326,961865,True,2008-07-03T16:18:31.000Z,"Washington, D.C.",photo,['http://pbs.twimg.com/media/DIHJnlkXYAAvzAf.jpg'],,901223106697711,yes,yes,no
68,68,901239169808310273,824p: Harvey's destructive eyewall to move ashore next couple hours. Worst N of Corpus Christi https://t.co/VecmKgsgm5,http://twitter.com/capitalweather/statuses/901239169808310273,2017-08-26 00:25:36+00:00,original_tweet,capitalweather,Capital Weather Gang,15309804,1326,961927,True,2008-07-03T16:18:31.000Z,"Washington, D.C.",animated_gif,['https://video.twimg.com/tweet_video/DIHYPsVXcAQBzbe.mp4'],,901239169808310,yes,yes,yes
70,70,901266357597212672,"1012p: Rockport, Tex getting absolutely hammered by Harvey's western eyewall. https://t.co/0g4wdBKPjc",http://twitter.com/capitalweather/statuses/901266357597212672,2017-08-26 02:13:39+00:00,original_tweet,capitalweather,Capital Weather Gang,15309804,1326,962051,True,2008-07-03T16:18:31.000Z,"Washington, D.C.",animated_gif,['https://video.twimg.com/tweet_video/DIHw-LLW0AAzW8A.mp4'],,901266357597212,yes,yes,yes
71,71,901270411597533185,"#Harvey has already dumped up to 5"" of rain in spots. Just a drop though compared to what may fall next several day… https://t.co/cPkl4QOvrj",http://twitter.com/capitalweather/statuses/901270411597533185,2017-08-26 02:29:45+00:00,original_tweet,capitalweather,Capital Weather Gang,15309804,1326,962072,True,2008-07-03T16:18:31.000Z,"Washington, D.C.",photo,['http://pbs.twimg.com/media/DIH0qYvXsAAX1Ea.jpg'],,901270411597533,yes,yes,yes
72,72,901296135075188736,"1210a: Eye of #Harvey over Rockport, Tex. where structures damaged. More damaging winds to come. https://t.co/K5KRFz01yU",http://twitter.com/capitalweather/statuses/901296135075188736,2017-08-26 04:11:58+00:00,original_tweet,capitalweather,Capital Weather Gang,15309804,1326,962161,True,2008-07-03T16:18:31.000Z,"Washington, D.C.",animated_gif,['https://video.twimg.com/tweet_video/DIIMDkYWsAEA-NG.mp4'],,901296135075188,yes,yes,yes
73,73,901311526686134274,"@FireChiefofHFD @MarioGa50826448 Alerta de Inundaciones ha sido extendida incluyendo Houston ,Polk y Trinity hasta… https://t.co/mggKQTQePF",http://twitter.com/cohoustonfire/statuses/901311526686134274,2017-08-26 05:13:08+00:00,original_tweet,cohoustonfire,Houston Fire Dept,88957094,290,18804,False,2009-11-10T16:00:10.000Z,"Houston, Texas",photo,"['http://pbs.twimg.com/media/DIIaDSdVwAEYivr.jpg', 'http://pbs.twimg.com/media/DIIaDScUMAACpsh.jpg']","Houston, TX",901311526686134,yes,yes,yes
75,75,901449773290582018,"1020a: Core of #Harvey just W of Victoria, Tex. Torrential rain, strong winds esp there & east. https://t.co/UDGRmJOJmH",http://twitter.com/capitalweather/statuses/901449773290582018,2017-08-26 14:22:28+00:00,original_tweet,capitalweather,Capital Weather Gang,15309804,1326,962508,True,2008-07-03T16:18:31.000Z,"Washington, D.C.",animated_gif,['https://video.twimg.com/tweet_video/DIKXycvXsAA9nQV.mp4'],,901449773290582,yes,yes,yes
78,78,901471006187024387,"Rainfall amounts rising from #Harvey, nearing 15 inches in some areas: https://t.co/QdPiUB0PYY https://t.co/EFEU8EgYq7",http://twitter.com/capitalweather/statuses/901471006187024387,2017-08-26 15:46:51+00:00,original_tweet,capitalweather,Capital Weather Gang,15309804,1326,962537,True,2008-07-03T16:18:31.000Z,"Washington, D.C.",photo,"['http://pbs.twimg.com/media/DIKrBO-U0AA4-nq.jpg', 'http://pbs.twimg.com/media/DIKrE7ZVoAAA3-_.jpg']",,901471006187024,yes,yes,no
79,79,901472809884545024,With #HurricaneHarvey over land we are done flying. See all of the flights from #NOAA42 (P3) & #NOAA49 (G-IV) over… https://t.co/52dfjQC1fr,http://twitter.com/NOAA_HurrHunter/statuses/901472809884545024,2017-08-26 15:54:01+00:00,original_tweet,noaa_hurrhunter,NOAAHurricaneHunters,619247259,221,55234,True,2012-06-26T15:20:33.000Z,"Lakeland, FL",photo,"['http://pbs.twimg.com/media/DIKsukQXUAUva3G.jpg', 'http://pbs.twimg.com/media/DIKsukZXkAAp3FE.jpg']",,901472809884545,yes,yes,no
80,80,901519752534863872,Brazos and San Bernard rivers forecast to set new records on Monday and Tuesday. This is incredible.… https://t.co/5amSzxqGVl,http://twitter.com/capitalweather/statuses/901519752534863872,2017-08-26 19:00:33+00:00,original_tweet,capitalweather,Capital Weather Gang,15309804,1327,962661,True,2008-07-03T16:18:31.000Z,"Washington, D.C.",photo,"['http://pbs.twimg.com/media/DILXUvmXYAIX5JQ.jpg', 'http://pbs.twimg.com/media/DILXaOJW0AEsbRU.jpg']",,901519752534863,yes,yes,yes
81,81,901539402601680897,"All in all, around 50 river gauges across Southeast Texas are predicted to crest in major flood stage.… https://t.co/tZmRPy1QHQ",http://twitter.com/capitalweather/statuses/901539402601680897,2017-08-26 20:18:38+00:00,original_tweet,capitalweather,Capital Weather Gang,15309804,1327,962702,True,2008-07-03T16:18:31.000Z,"Washington, D.C.",photo,['http://pbs.twimg.com/media/DILpRmMXkAAdN6S.jpg'],,901539402601680,yes,yes,yes
84,84,901620268115906561,"Widespread 6-12"" of rain already in SE Texas, isolated areas of 18-20"". Still 15-25""+ yet to come. More info:… https://t.co/G8FgkqR8q4",http://twitter.com/capitalweather/statuses/901620268115906561,2017-08-27 01:39:57+00:00,original_tweet,capitalweather,Capital Weather Gang,15309804,1327,962856,True,2008-07-03T16:18:31.000Z,"Washington, D.C.",photo,"['http://pbs.twimg.com/media/DIMyN9RXoAADaIz.jpg', 'http://pbs.twimg.com/media/DIMyQbtW0AE00N4.jpg']",,901620268115906,yes,yes,yes
85,85,901626841160712194,1003p: Intense feeder band from #Harvey to bring torrential rain into Houston; rough night ahead https://t.co/1aEkICiBxw,http://twitter.com/capitalweather/statuses/901626841160712194,2017-08-27 02:06:05+00:00,original_tweet,capitalweather,Capital Weather Gang,15309804,1327,962884,True,2008-07-03T16:18:31.000Z,"Washington, D.C.",animated_gif,['https://video.twimg.com/tweet_video/DIM41CNXYAECad2.mp4'],,901626841160712,yes,yes,yes
87,87,901639713752264704,"This is what four inches of rain in an hour can do to Brays Bayou. That's what it looked like at 3pm-ish, at the st… https://t.co/nR601pHGjh",http://twitter.com/ndhapple/statuses/901639713752264704,2017-08-27 02:57:14+00:00,original_tweet,ndhapple,Nolan Hicks,16661097,711,3877,False,2008-10-09T02:55:10.000Z,"Austin, TX",photo,"['http://pbs.twimg.com/media/DINEhZbVwAIM8Ib.jpg', 'http://pbs.twimg.com/media/DINEhZcVYAAmsv_.jpg']",,901639713752264,yes,yes,no
90,90,901783557009485824,"Rain totals across Houston for the last 12hrs: Southeast (Hobby), 3rd/5th Wards, 6th Ward/Neartown, Southwest (Meye… https://t.co/PCXSGOEbUY",http://twitter.com/ndhapple/statuses/901783557009485824,2017-08-27 12:28:48+00:00,original_tweet,ndhapple,Nolan Hicks,16661097,711,3887,False,2008-10-09T02:55:10.000Z,"Austin, TX",photo,['http://pbs.twimg.com/media/DIPGp-rUMAEA0C4.jpg'],,901783557009485,yes,yes,no
91,91,901805041727746048,"Major flood disaster in Houston, multiple fatalities, 2 feet of rain, rivers at record levels. The sum of all fears… https://t.co/Nm3jaXbAVI",http://twitter.com/capitalweather/statuses/901805041727746048,2017-08-27 13:54:11+00:00,original_tweet,capitalweather,Capital Weather Gang,15309804,1330,963317,True,2008-07-03T16:18:31.000Z,"Washington, D.C.",photo,['http://pbs.twimg.com/media/DIPa26pW0AA__UC.jpg'],,901805041727746,yes,yes,yes
92,92,901811257354969090,1017a: It gets worse. Big area of torrential rain moving over Houston. More disastrous flooding. https://t.co/OJQJfA6Vkx,http://twitter.com/capitalweather/statuses/901811257354969090,2017-08-27 14:18:53+00:00,original_tweet,capitalweather,Capital Weather Gang,15309804,1330,963336,True,2008-07-03T16:18:31.000Z,"Washington, D.C.",animated_gif,['https://video.twimg.com/tweet_video/DIPgjlwWAAA_s74.mp4'],,901811257354969,yes,yes,yes
93,93,901814720281411585,Observed rainfall estimated over past 24 hours in SE Texas. National Weather Service needs to add to their color ba… https://t.co/vtd55OYM81,http://twitter.com/capitalweather/statuses/901814720281411585,2017-08-27 14:32:38+00:00,original_tweet,capitalweather,Capital Weather Gang,15309804,1330,963357,True,2008-07-03T16:18:31.000Z,"Washington, D.C.",photo,['http://pbs.twimg.com/media/DIPjpLpW4AAJxMR.jpg'],,901814720281411,yes,yes,no
95,95,901843025432907778,1223p: Relentless rain in Houston. And a tornado warning. Unimaginably bad situation. https://t.co/VlAOA0LRkw,http://twitter.com/capitalweather/statuses/901843025432907778,2017-08-27 16:25:07+00:00,original_tweet,capitalweather,Capital Weather Gang,15309804,1330,963486,True,2008-07-03T16:18:31.000Z,"Washington, D.C.",animated_gif,['https://video.twimg.com/tweet_video/DIP9cuwXcAAcohK.mp4'],,901843025432907,yes,yes,yes
98,98,901886066713616384,"Rainfall totals over SE Tex, and zoomed in on Houston, as of Sunday early afternoon. More info:… https://t.co/8h17ibXUkW",http://twitter.com/capitalweather/statuses/901886066713616384,2017-08-27 19:16:09+00:00,original_tweet,capitalweather,Capital Weather Gang,15309804,1331,963689,True,2008-07-03T16:18:31.000Z,"Washington, D.C.",photo,"['http://pbs.twimg.com/media/DIQkhqLVYAABunf.png', 'http://pbs.twimg.com/media/DIQkklhUwAAAf3t.jpg']",,901886066713616,yes,yes,no
100,100,901892193899728898,Weather Service: Disastrous flooding from #Harvey worse than Allison in Houston in half the time.… https://t.co/Cqr2KK6EVi,http://twitter.com/capitalweather/statuses/901892193899728898,2017-08-27 19:40:30+00:00,original_tweet,capitalweather,Capital Weather Gang,15309804,1331,963709,True,2008-07-03T16:18:31.000Z,"Washington, D.C.",photo,['http://pbs.twimg.com/media/DIQqJbaXgAAoigh.jpg'],,901892193899728,yes,yes,yes
102,102,901908280485830656,"Euro model shows another 20-30"" of rain in Houston next 5 days - on top of 15-30"" already. Unimaginable, unfair.… https://t.co/aZ0cMKLPkj",http://twitter.com/capitalweather/statuses/901908280485830656,2017-08-27 20:44:25+00:00,original_tweet,capitalweather,Capital Weather Gang,15309804,1331,963754,True,2008-07-03T16:18:31.000Z,"Washington, D.C.",photo,['http://pbs.twimg.com/media/DIQ4pMFW0AA2---.jpg'],,901908280485830,yes,yes,yes
104,104,901927760700035072,"Hurricane Center now says #Harvey may drift back over Gulf, restrengthen slightly, & make 2nd landfall near Houston… https://t.co/KGdJQRB7Bu",http://twitter.com/capitalweather/statuses/901927760700035072,2017-08-27 22:01:49+00:00,original_tweet,capitalweather,Capital Weather Gang,15309804,1331,963837,True,2008-07-03T16:18:31.000Z,"Washington, D.C.",photo,['http://pbs.twimg.com/media/DIRKbPmW4AMiR13.jpg'],,901927760700035,yes,yes,yes
105,105,901933492619153408,Live https://t.co/uDTjyycExz #Harvey rains & impact discussion + how to help TX & LA. Unimaginable catastrophe to g… https://t.co/azVSrjGLiz,http://twitter.com/capitalweather/statuses/901933492619153408,2017-08-27 22:24:36+00:00,original_tweet,capitalweather,Capital Weather Gang,15309804,1331,963853,True,2008-07-03T16:18:31.000Z,"Washington, D.C.",video,['https://video.twimg.com/ext_tw_video/901933433349394432/pu/vid/320x180/sR3oHWEb75msSut4.mp4'],,901933492619153,yes,yes,yes
109,109,902000846380179456,"1051p: Not good at all. Up to 3"" of rain in last hour alone west side of Houston. https://t.co/YZja6NcHcN",http://twitter.com/capitalweather/statuses/902000846380179456,2017-08-28 02:52:14+00:00,original_tweet,capitalweather,Capital Weather Gang,15309804,1331,964034,True,2008-07-03T16:18:31.000Z,"Washington, D.C.",photo,['http://pbs.twimg.com/media/DISM_PPXcAQWnt2.jpg'],,902000846380179,yes,yes,yes
110,110,902001369833500673,1053p: Some of the heaviest rain of the day coming through Houston. https://t.co/1Wr1J3WlSN,http://twitter.com/capitalweather/statuses/902001369833500673,2017-08-28 02:54:19+00:00,original_tweet,capitalweather,Capital Weather Gang,15309804,1331,964033,True,2008-07-03T16:18:31.000Z,"Washington, D.C.",animated_gif,['https://video.twimg.com/tweet_video/DISNdgrXgAEYicx.mp4'],,902001369833500,yes,yes,yes
111,111,902129984357191680,"723a: Heavy rain near, east of Beaumont, Tex. Still raining in Houston but not as hard for now. https://t.co/t1BZpPxEQS",http://twitter.com/capitalweather/statuses/902129984357191680,2017-08-28 11:25:23+00:00,original_tweet,capitalweather,Capital Weather Gang,15309804,1331,964241,True,2008-07-03T16:18:31.000Z,"Washington, D.C.",animated_gif,['https://video.twimg.com/tweet_video/DIUCb5SXgAAsOVy.mp4'],,902129984357191,yes,yes,yes
112,112,902186790047686656,"""Unfathomable"" rain totals - 25-35 inches estimated around Houston. Graphic via @CODMeteorology. More info:… https://t.co/dSVqGkgcvl",http://twitter.com/capitalweather/statuses/902186790047686656,2017-08-28 15:11:07+00:00,original_tweet,capitalweather,Capital Weather Gang,15309804,1331,964353,True,2008-07-03T16:18:31.000Z,"Washington, D.C.",photo,['http://pbs.twimg.com/media/DIU2CtIXgAEAjqM.jpg'],,902186790047686,yes,yes,no
113,113,902188952655994880,"Still ANOTHER 8-17"" possible around Houston, perhaps up to 20"" in hardest it spots. Totals over 50"" poss. More:… https://t.co/eDNGhARbMC",http://twitter.com/capitalweather/statuses/902188952655994880,2017-08-28 15:19:42+00:00,original_tweet,capitalweather,Capital Weather Gang,15309804,1331,964361,True,2008-07-03T16:18:31.000Z,"Washington, D.C.",photo,['http://pbs.twimg.com/media/DIU3yhcWAAQ3-xf.jpg'],,902188952655994,yes,yes,yes
114,114,902196264384782337,1148a: The rain in Houston is just relentless. https://t.co/z1VaLd2dhh,http://twitter.com/capitalweather/statuses/902196264384782337,2017-08-28 15:48:46+00:00,original_tweet,capitalweather,Capital Weather Gang,15309804,1331,964376,True,2008-07-03T16:18:31.000Z,"Washington, D.C.",animated_gif,['https://video.twimg.com/tweet_video/DIU-t8rVoAA3tmv.mp4'],,902196264384782,yes,yes,yes
116,116,902210052643311616,"As rainfall totals near 40"" in SE Texas, flash flood watch expanded into New Orleans where 5-10"" poss. More info:… https://t.co/9LBi2oCEnX",http://twitter.com/capitalweather/statuses/902210052643311616,2017-08-28 16:43:33+00:00,original_tweet,capitalweather,Capital Weather Gang,15309804,1331,964403,True,2008-07-03T16:18:31.000Z,"Washington, D.C.",photo,['http://pbs.twimg.com/media/DIVLK0pXcAAS9e8.jpg'],,902210052643311,yes,yes,yes
117,117,902220298182938624,123p: No mercy. Continued moderate rain streaming over Houston. https://t.co/udU2aeDI0f,http://twitter.com/capitalweather/statuses/902220298182938624,2017-08-28 17:24:16+00:00,original_tweet,capitalweather,Capital Weather Gang,15309804,1331,964416,True,2008-07-03T16:18:31.000Z,"Washington, D.C.",animated_gif,['https://video.twimg.com/tweet_video/DIVUk1vW4AAG7mW.mp4'],,902220298182938,yes,yes,yes
118,118,902222247796121601,"Latest GFS model run still showing another 12-20"" for Houston and surrounding area thru late Thurs. #Harvey https://t.co/mhfxFlVMVz",http://twitter.com/capitalweather/statuses/902222247796121601,2017-08-28 17:32:01+00:00,original_tweet,capitalweather,Capital Weather Gang,15309804,1331,964417,True,2008-07-03T16:18:31.000Z,"Washington, D.C.",photo,['http://pbs.twimg.com/media/DIVWRy8XcAIyuVN.jpg'],,902222247796121,yes,yes,yes
119,119,902249299366567936,"Visualization of observed rainfall, and track of #Harvey from @PostGraphics. Updated info on the storm:… https://t.co/zlOcKINOp4",http://twitter.com/capitalweather/statuses/902249299366567936,2017-08-28 19:19:30+00:00,original_tweet,capitalweather,Capital Weather Gang,15309804,1331,964451,True,2008-07-03T16:18:31.000Z,"Washington, D.C.",photo,['http://pbs.twimg.com/media/DIVtzc_XkAIULOK.jpg'],,902249299366567,yes,yes,yes
120,120,902258125167874050,"MAP: The entire Houston metro is affected by flooding. Here’s what’s under water, via @PostGraphics… https://t.co/OkkZOjSylV",http://twitter.com/capitalweather/statuses/902258125167874050,2017-08-28 19:54:34+00:00,original_tweet,capitalweather,Capital Weather Gang,15309804,1331,964466,True,2008-07-03T16:18:31.000Z,"Washington, D.C.",photo,['http://pbs.twimg.com/media/DIV2bWhWAAAiAEr.jpg'],,902258125167874,yes,yes,no
121,121,902264574707150849,Fantastic animation from @PostGraphics showing the accumulation of rain in Southeast Texas over the past few days.… https://t.co/9aYDvrjGzm,http://twitter.com/capitalweather/statuses/902264574707150849,2017-08-28 20:20:12+00:00,original_tweet,capitalweather,Capital Weather Gang,15309804,1331,964481,True,2008-07-03T16:18:31.000Z,"Washington, D.C.",animated_gif,['https://video.twimg.com/tweet_video/DIV8v9jXoAAcIVW.mp4'],,902264574707150,yes,yes,yes
122,122,902283768420909056,@FireChiefofHFD @FireChiefofHFD Salir para muchos no es necesario.NO MANEJEN en dirección opuesta.Es Extremadamente… https://t.co/xpzTw52FQg,http://twitter.com/cohoustonfire/statuses/902283768420909056,2017-08-28 21:36:28+00:00,original_tweet,cohoustonfire,Houston Fire Dept,88957094,290,20825,False,2009-11-10T16:00:10.000Z,"Houston, Texas",photo,['http://pbs.twimg.com/media/DIWOSQMV4AAvI4I.jpg'],"Houston, TX",902283768420909,yes,yes,yes
123,123,902293637098328064,"Another 10-20"" predicted in SE Texas, including Houston, w/ ""devastating consequences on rescue & recovery efforts.… https://t.co/jSCLXc11tt",http://twitter.com/capitalweather/statuses/902293637098328064,2017-08-28 22:15:41+00:00,original_tweet,capitalweather,Capital Weather Gang,15309804,1331,964519,True,2008-07-03T16:18:31.000Z,"Washington, D.C.",photo,['http://pbs.twimg.com/media/DIWW7CjWsAEEH83.jpg'],,902293637098328,yes,yes,yes
124,124,902304526400724994,"657p: Endless stream of rain, heavy at times, flowing into Houston. Not over by a long shot. https://t.co/wemEQ11Olk",http://twitter.com/capitalweather/statuses/902304526400724994,2017-08-28 22:58:57+00:00,original_tweet,capitalweather,Capital Weather Gang,15309804,1331,964525,True,2008-07-03T16:18:31.000Z,"Washington, D.C.",animated_gif,['https://video.twimg.com/tweet_video/DIWhLi2XkAA07bX.mp4'],,902304526400724,yes,yes,yes
126,126,902344265413615616,934p: Hideous and heinous plume of heavy rain parked over Houston. https://t.co/EZD6PuHHxE,http://twitter.com/capitalweather/statuses/902344265413615616,2017-08-29 01:36:52+00:00,original_tweet,capitalweather,Capital Weather Gang,15309804,1331,964620,True,2008-07-03T16:18:31.000Z,"Washington, D.C.",animated_gif,['https://video.twimg.com/tweet_video/DIXFUq6XkAEU7JS.mp4'],,902344265413615,yes,yes,yes
127,127,902351885960609792,"Nearly 8"" of rain today alone at Houston Hobby. We're running out of colors to plot totals. Our latest update:… https://t.co/1s2aF24lWl",http://twitter.com/capitalweather/statuses/902351885960609792,2017-08-29 02:07:09+00:00,original_tweet,capitalweather,Capital Weather Gang,15309804,1331,964645,True,2008-07-03T16:18:31.000Z,"Washington, D.C.",photo,['http://pbs.twimg.com/media/DIXMFW0XUAA2wDn.png'],,902351885960609,yes,yes,no
129,129,902523509519388674,"928a: Rain still pushing through Houston, heaviest on east side of town. https://t.co/OO3sLR2vL8",http://twitter.com/capitalweather/statuses/902523509519388674,2017-08-29 13:29:07+00:00,original_tweet,capitalweather,Capital Weather Gang,15309804,1331,964986,True,2008-07-03T16:18:31.000Z,"Washington, D.C.",animated_gif,['https://video.twimg.com/tweet_video/DIZoWFqW4AER5kB.mp4'],,902523509519388,yes,yes,yes
130,130,902556659758878720,"Weather Service: ""The #Harvey 3-to-4 day rainfall totals of greater than 40 inches are simply mind-blowing"":… https://t.co/pRH7fY0Mw6",http://twitter.com/capitalweather/statuses/902556659758878720,2017-08-29 15:40:51+00:00,original_tweet,capitalweather,Capital Weather Gang,15309804,1331,965064,True,2008-07-03T16:18:31.000Z,"Washington, D.C.",photo,['http://pbs.twimg.com/media/DIaGegHUMAArdLV.jpg'],,902556659758878,yes,yes,no
133,133,902594902755860480,212p: Rains in Houston have slowed. Galveston to Port Arthur getting hammered. https://t.co/keAsackFv4,http://twitter.com/capitalweather/statuses/902594902755860480,2017-08-29 18:12:48+00:00,original_tweet,capitalweather,Capital Weather Gang,15309804,1331,965161,True,2008-07-03T16:18:31.000Z,"Washington, D.C.",animated_gif,['https://video.twimg.com/tweet_video/DIapRu2UMAAmDcS.mp4'],,902594902755860,yes,yes,yes
135,135,902608099919454209,"Happy to share this. NWS now forecasting just a few more inches of new rain, maybe less, around Houston. More info:… https://t.co/Br2X0FXGlv",http://twitter.com/capitalweather/statuses/902608099919454209,2017-08-29 19:05:15+00:00,original_tweet,capitalweather,Capital Weather Gang,15309804,1331,965185,True,2008-07-03T16:18:31.000Z,"Washington, D.C.",photo,['http://pbs.twimg.com/media/DIa1C25V4AE11qI.jpg'],,902608099919454,yes,yes,yes
138,138,902653181905301504,Harvey total now 51.9 inches - separating itself further from past storms. More info: https://t.co/5exBzMdkR5 https://t.co/aWQghpwT1k,http://twitter.com/capitalweather/statuses/902653181905301504,2017-08-29 22:04:23+00:00,original_tweet,capitalweather,Capital Weather Gang,15309804,1331,965295,True,2008-07-03T16:18:31.000Z,"Washington, D.C.",photo,['http://pbs.twimg.com/media/DIbeNnSWsAUjbWv.jpg'],,902653181905301,yes,yes,no
143,143,902718168795402240,"While Houston mostly cleared of rain, flash flood emergency around Beaumont/Port Arthur. 3""/hour rain rates. More:… https://t.co/VXdaw0VqZb",http://twitter.com/capitalweather/statuses/902718168795402240,2017-08-30 02:22:37+00:00,original_tweet,capitalweather,Capital Weather Gang,15309804,1331,965452,True,2008-07-03T16:18:31.000Z,"Washington, D.C.",photo,['http://pbs.twimg.com/media/DIcZWo2XkAEzl4R.jpg'],,902718168795402,yes,yes,yes
145,145,902885825607815168,"Incredible: Beaumont-Port Arthur logged record 26"" rain in 24 hours, storm total over 45"". Devastating flooding.… https://t.co/HxLoZrob9o",http://twitter.com/capitalweather/statuses/902885825607815168,2017-08-30 13:28:50+00:00,original_tweet,capitalweather,Capital Weather Gang,15309804,1331,965697,True,2008-07-03T16:18:31.000Z,"Washington, D.C.",photo,['http://pbs.twimg.com/media/DIexw3XVYAASLeC.jpg'],,902885825607815,yes,yes,yes
146,146,902891820333617152,"Harvey may still produce a ribbon of 4-8""+ from W & N Louisiana into W Tenn and Ky. Not over. More info:… https://t.co/OFamrnGsKQ",http://twitter.com/capitalweather/statuses/902891820333617152,2017-08-30 13:52:39+00:00,original_tweet,capitalweather,Capital Weather Gang,15309804,1331,965713,True,2008-07-03T16:18:31.000Z,"Washington, D.C.",photo,['http://pbs.twimg.com/media/DIe3RucVAAECCmL.jpg'],,902891820333617,yes,yes,yes
147,147,902922027228639233,"Here are some stats about the amount of rain that fell in Houston. In short, it was biblical --… https://t.co/pOtyaL2bxJ",http://twitter.com/ndhapple/statuses/902922027228639233,2017-08-30 15:52:41+00:00,original_tweet,ndhapple,Nolan Hicks,16661097,711,3941,False,2008-10-09T02:55:10.000Z,"Austin, TX",photo,['http://pbs.twimg.com/media/DIfSxYnW0AAg9eP.jpg'],,902922027228639,yes,yes,no
152,152,903303058121261056,As if it all hasn't been enough -- tornado warnings being issued northern MS and around the Memphis region. #harvey https://t.co/kc5Ia2WP3k,http://twitter.com/capitalweather/statuses/903303058121261056,2017-08-31 17:06:46+00:00,original_tweet,capitalweather,Capital Weather Gang,15309804,1332,966476,True,2008-07-03T16:18:31.000Z,"Washington, D.C.",photo,['http://pbs.twimg.com/media/DIktVz-XkAEWAK3.jpg'],,903303058121261,yes,yes,yes
153,153,903323984531513345,"Area of 20""+ rain in Texas covers more real estate than ten separate US states. Twice as big as Maryland. More:… https://t.co/eVTr82meRX",http://twitter.com/capitalweather/statuses/903323984531513345,2017-08-31 18:29:55+00:00,original_tweet,capitalweather,Capital Weather Gang,15309804,1332,966512,True,2008-07-03T16:18:31.000Z,"Washington, D.C.",photo,['http://pbs.twimg.com/media/DIlAT_TXUAARMsK.jpg'],,903323984531513,yes,yes,no
158,158,903625085420007430,"Will be dry in DMV for a few hours, but remnants of #Harvey arrive later this afternoon. ☔️ https://t.co/mjBNRgd6mW",http://twitter.com/capitalweather/statuses/903625085420007430,2017-09-01 14:26:23+00:00,original_tweet,capitalweather,Capital Weather Gang,15309804,1333,966988,True,2008-07-03T16:18:31.000Z,"Washington, D.C.",photo,['http://pbs.twimg.com/media/DIpSOcnXUAEMbeU.jpg'],,903625085420007,yes,yes,yes
