id,text,favorites_count,created_at.$date,user.screen_name,user.name,user.id,user.friends,user.followers,user.verified,user.account_created_at.$date,user.location,user.description,media.media_type,media.media_urls,tweet_types.deleted_tweet,tweet_types.retweet,tweet_types.quote_tweet,tweet_types.reply,tweet_types.original_tweet,geolocation,url_count,media_url1,media_url2,media_url3,source_off,source_unoff,lang_spanish,type_trop-out,type_cone,type_arrival,type_prob,type_surge,type_key-msg,type_WW,type_threat-impact,type_conv-out,type_meso-disc,type_rain-fore,type_rain-out,type_riv-flood,type_spag,type_text,type_model,type_evac,type_other-fore,type_other-non-fore,type_video,type_WW_exp,type_WW_cone,type_WW_meso-disc,threat_trop-gen,threat_wind,threat_surge,threat_rain-flood,threat_tor,threat_tstorm
901519890829279232,"Harvey 2017: Christus Spohn system sheltering in place, have supplies for days https://t.co/u4NkPwOWJ9 https://t.co/G9PuTjBQnE",0,2017-08-26T19:01:06Z,callerdotcom,Caller.com,17095956,1285,24785,True,2008-11-01T02:42:01Z,"Corpus Christi, TX",The leading source for South Texas news and information for more than 130 years. News Tip? newstips@caller.com or call 361-886-3662.,photo,http://pbs.twimg.com/media/DILXj9MUIAAdMsW.jpg,0,0,0,0,True,,1,http://pbs.twimg.com/media/DILXj9MUIAAdMsW.jpg,,,0.0,1.0,0.0,0.0,0.0,0.0,0.0,0.0,0.0,1.0,0.0,0.0,0.0,0.0,0.0,0.0,0.0,0.0,0.0,0.0,0.0,0.0,0.0,0.0,0.0,0.0,0.0,1.0,0.0,0.0,0.0,0.0
901521138529992705,"Flash Flood Warning including Liberty TX, Cleveland TX, Dayton TX until 3:30 PM CDT https://t.co/A23pwL2hcf",0,2017-08-26T19:06:03Z,NWSFlashFlood,@NWSFlashFlood,742351395152637953,0,1440,False,2016-06-13T13:42:19Z,,Official Twitter National Weather Service account used to distribute experimental flash flood impact graphics. Read more at: http://goo.gl/cCCw1s,photo,http://pbs.twimg.com/media/DILYshvXgAEyWZS.jpg,0,0,0,0,True,,1,http://pbs.twimg.com/media/DILYshvXgAEyWZS.jpg,,,1.0,0.0,0.0,0.0,0.0,0.0,0.0,0.0,0.0,1.0,0.0,0.0,0.0,0.0,0.0,0.0,0.0,0.0,0.0,0.0,0.0,0.0,0.0,1.0,0.0,0.0,0.0,0.0,0.0,1.0,0.0,0.0
901521146012684288,"Flash Flood Warning including Liberty TX, Cleveland TX, Dayton TX until 3:30 PM CDT https://t.co/NrXzYLibfQ",0,2017-08-26T19:06:05Z,NWSHouston,NWS Houston,600958397,349,33571,True,2012-06-06T13:13:19Z,"Houston, Texas",Official Twitter account for the National Weather Service Houston/Galveston TX. Details: http://www.weather.gov/twitter,photo,http://pbs.twimg.com/media/DILYtCsXgAIS4tw.jpg,0,0,0,0,True,"Texas, USA",1,http://pbs.twimg.com/media/DILYtCsXgAIS4tw.jpg,,,1.0,0.0,0.0,0.0,0.0,0.0,0.0,0.0,0.0,1.0,0.0,0.0,0.0,0.0,0.0,0.0,0.0,0.0,0.0,0.0,0.0,0.0,0.0,1.0,0.0,0.0,0.0,0.0,0.0,1.0,0.0,0.0
901521173372129280,"Aviso de InundaciÃ³n Repentina incluye Liberty TX, Cleveland TX, Dayton TX hasta las 3:30 PM CDT https://t.co/1Hgz3vIaUO",0,2017-08-26T19:06:11Z,NWSHouston,NWS Houston,600958397,349,33571,True,2012-06-06T13:13:19Z,"Houston, Texas",Official Twitter account for the National Weather Service Houston/Galveston TX. Details: http://www.weather.gov/twitter,photo,http://pbs.twimg.com/media/DILYumeW0AUA9lL.jpg,0,0,0,0,True,"Texas, USA",1,http://pbs.twimg.com/media/DILYumeW0AUA9lL.jpg,,,1.0,0.0,1.0,0.0,0.0,0.0,0.0,0.0,0.0,1.0,0.0,0.0,0.0,0.0,0.0,0.0,0.0,0.0,0.0,0.0,0.0,0.0,0.0,1.0,0.0,0.0,0.0,0.0,0.0,1.0,0.0,0.0
901521306910425089,The big question: Where will Harvey and its rains go?  https://t.co/a8HB6vcxMo https://t.co/HZgf0V2gIo,0,2017-08-26T19:06:43Z,SpaceCityWX,Eric Berger,3980516359,37,9697,False,2015-10-22T13:17:51Z,"Houston, TX",Hype-free forecast and weather information for the greater Houston area. Account run primarily by Eric 'SciGuy' Berger. Katy: You have been warned.,photo,http://pbs.twimg.com/media/DILYytiUMAA-sz8.jpg,0,0,0,0,True,,1,http://pbs.twimg.com/media/DILYytiUMAA-sz8.jpg,,,0.0,1.0,0.0,0.0,0.0,0.0,0.0,0.0,0.0,0.0,0.0,0.0,0.0,0.0,0.0,0.0,0.0,0.0,1.0,0.0,0.0,0.0,0.0,0.0,0.0,0.0,1.0,0.0,0.0,1.0,0.0,0.0
901522832869470208,https://t.co/aJ3teBNEXH  #brazoriacounty #harvey https://t.co/v1UwNdpgri,0,2017-08-26T19:12:47Z,BrazoriaCounty,Brazoria County,174752321,163,2651,False,2010-08-04T18:52:04Z,Texas,Official Brazoria County Twitter Page,photo,"http://pbs.twimg.com/media/DILaMiDUIAAJ-Dk.jpg,http://pbs.twimg.com/media/DILaN1rVoAAaHOa.jpg",0,0,0,0,True,,2,http://pbs.twimg.com/media/DILaMiDUIAAJ-Dk.jpg,http://pbs.twimg.com/media/DILaN1rVoAAaHOa.jpg,,1.0,1.0,0.0,0.0,0.0,0.0,0.0,0.0,0.0,0.0,0.0,0.0,0.0,0.0,0.0,0.0,0.0,1.0,0.0,1.0,0.0,0.0,0.0,0.0,0.0,0.0,0.0,0.0,0.0,1.0,0.0,0.0
901523619087568896,2:15p - Heaviest Rainfall now moving into Austin/San Antonio along the I-35 corridor. https://t.co/gVIHKVhs9S,0,2017-08-26T19:15:54Z,NWSSanAntonio,NWS San Antonio,594749537,185,26023,True,2012-05-30T17:13:01Z,"New Braunfels, Texas",Official Twitter account for the National Weather Service Austin/San Antonio. Details: http://weather.gov/twitter,animated_gif,https://video.twimg.com/tweet_video/DILa8fmV0AA8btO.mp4,0,0,0,0,True,,1,https://video.twimg.com/tweet_video/DILa8fmV0AA8btO.mp4,,,0.0,1.0,0.0,0.0,0.0,0.0,0.0,0.0,0.0,1.0,0.0,0.0,0.0,0.0,0.0,0.0,0.0,0.0,0.0,0.0,0.0,0.0,0.0,0.0,0.0,0.0,0.0,0.0,0.0,1.0,1.0,0.0
901523973988634624,"Tornado Warning continues for Colmesneil TX, Rockland TX until 2:30 PM CDT https://t.co/8KyZkUHCuR",0,2017-08-26T19:17:19Z,NWStornado,NWS Tornado,2544227706,0,62919,True,2014-06-03T20:21:13Z,,Official Twitter account for the National Weather Service used to distribute experimental tornado  warning impact graphics. Read more at: http://goo.gl/cCCw1s,photo,http://pbs.twimg.com/media/DILbRqQWsAIExFU.jpg,0,0,0,0,True,"Texas, USA",1,http://pbs.twimg.com/media/DILbRqQWsAIExFU.jpg,,,1.0,0.0,0.0,0.0,0.0,0.0,0.0,0.0,0.0,1.0,0.0,0.0,0.0,0.0,0.0,0.0,0.0,0.0,0.0,0.0,0.0,0.0,0.0,1.0,0.0,0.0,0.0,0.0,0.0,0.0,1.0,1.0
901523981819408384,"Tornado Warning continues for Colmesneil TX, Rockland TX until 2:30 PM CDT https://t.co/nGF18aomM8",0,2017-08-26T19:17:21Z,NWSLakeCharles,NWS Lake Charles,590185677,234,6814,True,2012-05-25T16:00:35Z,"Lake Charles, Louisiana","Official Twitter account for the National Weather Service Lake Charles, LA. Details: http://weather.gov/twitter",photo,http://pbs.twimg.com/media/DILbSEPXgAATYvr.jpg,0,0,0,0,True,"Texas, USA",1,http://pbs.twimg.com/media/DILbSEPXgAATYvr.jpg,,,1.0,0.0,0.0,0.0,0.0,0.0,0.0,0.0,0.0,1.0,0.0,0.0,0.0,0.0,0.0,0.0,0.0,0.0,0.0,0.0,0.0,0.0,0.0,1.0,0.0,0.0,0.0,0.0,0.0,0.0,1.0,1.0
901524345423622145,"President Trump's number one priority for Harvey response is saving lives, White House says https://t.co/OubSINLgbw https://t.co/Zq5smU3Bhz",0,2017-08-26T19:18:48Z,CNN,CNN,759251,1117,37256589,True,2007-02-09T00:35:02Z,,Itâ€™s our job to #GoThere & tell the most difficult stories. Join us! For more breaking news updates follow @CNNBRK  & Download our app ðŸ“²http://cnn.it/apps,photo,http://pbs.twimg.com/media/DILbnQAW0AI6yfB.jpg,0,0,0,0,True,,1,http://pbs.twimg.com/media/DILbnQAW0AI6yfB.jpg,,,0.0,1.0,0.0,0.0,0.0,0.0,0.0,0.0,0.0,0.0,0.0,0.0,0.0,0.0,0.0,0.0,0.0,1.0,0.0,0.0,0.0,0.0,0.0,0.0,0.0,0.0,0.0,0.0,0.0,1.0,0.0,0.0
901524494627504129,"If you're under the red shaded areas, expect high water on roads and heavy rain: https://t.co/V70et0FAxI https://t.co/YLXisadEEH",0,2017-08-26T19:19:23Z,KPRC2,KPRC 2 Houston,27583598,1535,547266,True,2009-03-30T04:25:49Z,"Houston, TX",NBC TV affiliate and local news station in #Houston. #BreakingNews #HoustonWeather #KPRC2 | Follow more KPRC reporters: http://bit.ly/1Rwg7wG,photo,http://pbs.twimg.com/media/DILbvyuXcAAhQvK.jpg,0,0,0,0,True,,1,http://pbs.twimg.com/media/DILbvyuXcAAhQvK.jpg,,,0.0,1.0,0.0,0.0,0.0,0.0,0.0,0.0,0.0,1.0,0.0,0.0,0.0,0.0,0.0,0.0,0.0,0.0,0.0,0.0,0.0,0.0,0.0,0.0,0.0,0.0,0.0,0.0,0.0,1.0,0.0,0.0
901524572872347648,"Flash Flood Warning continues for Beaumont TX, Port Arthur TX, Nederland TX until 5:45 PM CDT https://t.co/qf9bVjabSF",0,2017-08-26T19:19:42Z,NWSFlashFlood,@NWSFlashFlood,742351395152637953,0,1440,False,2016-06-13T13:42:19Z,,Official Twitter National Weather Service account used to distribute experimental flash flood impact graphics. Read more at: http://goo.gl/cCCw1s,photo,http://pbs.twimg.com/media/DILb0gKXoAE8uh1.jpg,0,0,0,0,True,,1,http://pbs.twimg.com/media/DILb0gKXoAE8uh1.jpg,,,1.0,0.0,0.0,0.0,0.0,0.0,0.0,0.0,0.0,1.0,0.0,0.0,0.0,0.0,0.0,0.0,0.0,0.0,0.0,0.0,0.0,0.0,0.0,1.0,0.0,0.0,0.0,0.0,0.0,1.0,0.0,0.0
901524580250136576,"Flash Flood Warning continues for Beaumont TX, Port Arthur TX, Nederland TX until 5:45 PM CDT https://t.co/P5UD1fBeRU",0,2017-08-26T19:19:44Z,NWSLakeCharles,NWS Lake Charles,590185677,234,6815,True,2012-05-25T16:00:35Z,"Lake Charles, Louisiana","Official Twitter account for the National Weather Service Lake Charles, LA. Details: http://weather.gov/twitter",photo,http://pbs.twimg.com/media/DILb07fWsAEZdyl.jpg,0,0,0,0,True,"Beaumont, TX",1,http://pbs.twimg.com/media/DILb07fWsAEZdyl.jpg,,,1.0,0.0,0.0,0.0,0.0,0.0,0.0,0.0,0.0,1.0,0.0,0.0,0.0,0.0,0.0,0.0,0.0,0.0,0.0,0.0,0.0,0.0,0.0,1.0,0.0,0.0,0.0,0.0,0.0,1.0,0.0,0.0
901529853568196609,"Tornado Warning including Lumberton TX, Kountze TX, Wildwood TX until 3:15 PM CDT https://t.co/pHd7sBhx5s",0,2017-08-26T19:40:41Z,NWStornado,NWS Tornado,2544227706,0,62921,True,2014-06-03T20:21:13Z,,Official Twitter account for the National Weather Service used to distribute experimental tornado  warning impact graphics. Read more at: http://goo.gl/cCCw1s,photo,http://pbs.twimg.com/media/DILgn5MXgAQDrMX.jpg,0,0,0,0,True,"Texas, USA",1,http://pbs.twimg.com/media/DILgn5MXgAQDrMX.jpg,,,1.0,0.0,0.0,0.0,0.0,0.0,0.0,0.0,0.0,1.0,0.0,0.0,0.0,0.0,0.0,0.0,0.0,0.0,0.0,0.0,0.0,0.0,0.0,1.0,0.0,0.0,0.0,0.0,0.0,0.0,1.0,1.0
901529861805703168,"Tornado Warning including Lumberton TX, Kountze TX, Wildwood TX until 3:15 PM CDT https://t.co/MTxJSXDtA8",0,2017-08-26T19:40:43Z,NWSLakeCharles,NWS Lake Charles,590185677,234,6818,True,2012-05-25T16:00:35Z,"Lake Charles, Louisiana","Official Twitter account for the National Weather Service Lake Charles, LA. Details: http://weather.gov/twitter",photo,http://pbs.twimg.com/media/DILgoWuXoAU2vzO.jpg,0,0,0,0,True,"Texas, USA",1,http://pbs.twimg.com/media/DILgoWuXoAU2vzO.jpg,,,1.0,0.0,0.0,0.0,0.0,0.0,0.0,0.0,0.0,1.0,0.0,0.0,0.0,0.0,0.0,0.0,0.0,0.0,0.0,0.0,0.0,0.0,0.0,1.0,0.0,0.0,0.0,0.0,0.0,0.0,1.0,1.0
901535734066184192,"County Judge and Mayor confirm one fatality in Rockport, Texas, from Hurricane Harvey: https://t.co/3ahxqDEFLi",0,2017-08-26T20:04:03Z,ambiej,Amber Jamieson,21072005,5020,8455,True,2009-02-17T07:45:19Z,New York,Breaking news reporter @BuzzFeedNews â€¢ Formerly @GuardianUS @nypost @crikey_news â€¢ Melbourne girl â€¢ amber.jamieson@buzzfeed.com â€¢ Ain't no Twitter in heaven,video,https://video.twimg.com/ext_tw_video/901535617644941314/pu/vid/320x180/5O7DWPICVAA3hSoI.mp4,0,0,0,0,True,,1,https://video.twimg.com/ext_tw_video/901535617644941314/pu/vid/320x180/5O7DWPICVAA3hSoI.mp4,,,0.0,1.0,0.0,0.0,0.0,0.0,0.0,0.0,0.0,0.0,0.0,0.0,0.0,0.0,0.0,0.0,0.0,0.0,0.0,0.0,0.0,0.0,1.0,0.0,0.0,0.0,1.0,1.0,0.0,1.0,0.0,0.0
901536499530964993,"Tornado Warning including Woodville TX, Wildwood TX, Warren TX until 3:30 PM CDT https://t.co/6eDgs3cL6D",0,2017-08-26T20:07:05Z,NWStornado,NWS Tornado,2544227706,0,62924,True,2014-06-03T20:21:13Z,,Official Twitter account for the National Weather Service used to distribute experimental tornado  warning impact graphics. Read more at: http://goo.gl/cCCw1s,photo,http://pbs.twimg.com/media/DILmqwAWAAIa6bb.jpg,0,0,0,0,True,"Texas, USA",1,http://pbs.twimg.com/media/DILmqwAWAAIa6bb.jpg,,,1.0,0.0,0.0,0.0,0.0,0.0,0.0,0.0,0.0,1.0,0.0,0.0,0.0,0.0,0.0,0.0,0.0,0.0,0.0,0.0,0.0,0.0,0.0,1.0,0.0,0.0,0.0,0.0,0.0,0.0,1.0,1.0
901536505910448128,"Tornado Warning including Woodville TX, Wildwood TX, Warren TX until 3:30 PM CDT https://t.co/W764IXrMSg",0,2017-08-26T20:07:07Z,NWSLakeCharles,NWS Lake Charles,590185677,234,6820,True,2012-05-25T16:00:35Z,"Lake Charles, Louisiana","Official Twitter account for the National Weather Service Lake Charles, LA. Details: http://weather.gov/twitter",photo,http://pbs.twimg.com/media/DILmrHzXYAA713A.jpg,0,0,0,0,True,"Texas, USA",1,http://pbs.twimg.com/media/DILmrHzXYAA713A.jpg,,,1.0,0.0,0.0,0.0,0.0,0.0,0.0,0.0,0.0,1.0,0.0,0.0,0.0,0.0,0.0,0.0,0.0,0.0,0.0,0.0,0.0,0.0,0.0,1.0,0.0,0.0,0.0,0.0,0.0,0.0,1.0,1.0
901537681389359105,Concern tonight in Houston revolves around core of #Harvey flaring up as it tries to approach and limited movement. https://t.co/IKnnhTt618,0,2017-08-26T20:11:47Z,mattlanza,Matt Lanza,16752675,4157,11397,True,2008-10-15T02:25:36Z,"Houston, TX","Meteorologist @SpaceCityWx & energy, sometimes weather @FiveThirtyEight, @RutgersU alum. Jersey grown. Tweeting weather, history, baseball, more. Thoughts mine.",animated_gif,https://video.twimg.com/tweet_video/DILntvHVoAA47Hu.mp4,0,0,0,0,True,,1,https://video.twimg.com/tweet_video/DILntvHVoAA47Hu.mp4,,,0.0,1.0,0.0,0.0,0.0,0.0,0.0,0.0,0.0,1.0,0.0,0.0,0.0,0.0,0.0,0.0,0.0,0.0,0.0,0.0,1.0,0.0,0.0,0.0,0.0,0.0,0.0,0.0,0.0,1.0,1.0,0.0
901538516462690304,Hydrologic Graph Brazos River near West Columbia https://t.co/pxLi1euUlg,0,2017-08-26T20:15:06Z,BrazoriaCounty,Brazoria County,174752321,163,2657,False,2010-08-04T18:52:04Z,Texas,Official Brazoria County Twitter Page,photo,http://pbs.twimg.com/media/DILoehhUIAAGSJB.jpg,0,0,0,0,True,,1,http://pbs.twimg.com/media/DILoehhUIAAGSJB.jpg,,,1.0,0.0,0.0,0.0,0.0,0.0,0.0,0.0,0.0,0.0,0.0,0.0,0.0,0.0,0.0,1.0,0.0,0.0,0.0,0.0,0.0,0.0,0.0,0.0,0.0,0.0,0.0,0.0,0.0,1.0,0.0,0.0
901538612877168640,Hydrologic Graph Brazos River near Rosharon https://t.co/9n8ayNxSvO,0,2017-08-26T20:15:29Z,BrazoriaCounty,Brazoria County,174752321,163,2657,False,2010-08-04T18:52:04Z,Texas,Official Brazoria County Twitter Page,photo,http://pbs.twimg.com/media/DILolDAVwAAs7BL.jpg,0,0,0,0,True,,1,http://pbs.twimg.com/media/DILolDAVwAAs7BL.jpg,,,1.0,0.0,0.0,0.0,0.0,0.0,0.0,0.0,0.0,0.0,0.0,0.0,0.0,0.0,0.0,1.0,0.0,0.0,0.0,0.0,0.0,0.0,0.0,0.0,0.0,0.0,0.0,0.0,0.0,1.0,0.0,0.0
901538696364781570,Hydrologic Graph San Bernard near Sweeny https://t.co/BdT2Z8qmxl,0,2017-08-26T20:15:49Z,BrazoriaCounty,Brazoria County,174752321,163,2657,False,2010-08-04T18:52:04Z,Texas,Official Brazoria County Twitter Page,photo,http://pbs.twimg.com/media/DILoqJtUIAA3kIa.jpg,0,0,0,0,True,,1,http://pbs.twimg.com/media/DILoqJtUIAA3kIa.jpg,,,1.0,0.0,0.0,0.0,0.0,0.0,0.0,0.0,0.0,0.0,0.0,0.0,0.0,0.0,0.0,1.0,0.0,0.0,0.0,0.0,0.0,0.0,0.0,0.0,0.0,0.0,0.0,0.0,0.0,1.0,0.0,0.0
901540117092986880,SEE MAP FOR EVACUATION ZONES Please share with anyone who might live in these areas! #Harvey https://t.co/ZOE1q7zYqL https://t.co/CTb7QdzfhA,0,2017-08-26T20:21:28Z,fbcoem,Fort Bend County OEM,19731128,197,9162,True,2009-01-29T20:13:21Z,"Richmond, TX","We are the Office of Emergency Management (OEM). We plan & prepare for, mitigate against, and coordinate response to all types of disasters in Fort Bend County.",photo,http://pbs.twimg.com/media/DILp9SZUIAEMtv7.jpg,0,0,0,0,True,,1,http://pbs.twimg.com/media/DILp9SZUIAEMtv7.jpg,,,0.0,1.0,0.0,0.0,0.0,0.0,0.0,0.0,0.0,0.0,0.0,0.0,0.0,0.0,0.0,0.0,0.0,0.0,0.0,1.0,0.0,0.0,0.0,0.0,0.0,0.0,0.0,0.0,0.0,1.0,0.0,0.0
901541132693377025,ZONAS DE EVACUACIÃ“N Por favor comparte con cuÃ¡l quiera que viva en estas Ã¡reas! #Harvey   https://t.co/ZOE1q7zYqL https://t.co/Ar6wrmNeFy,0,2017-08-26T20:25:30Z,fbcoem,Fort Bend County OEM,19731128,197,9163,True,2009-01-29T20:13:21Z,"Richmond, TX","We are the Office of Emergency Management (OEM). We plan & prepare for, mitigate against, and coordinate response to all types of disasters in Fort Bend County.",photo,http://pbs.twimg.com/media/DILq4bKVoAAj-mm.jpg,0,0,0,0,True,,1,http://pbs.twimg.com/media/DILq4bKVoAAj-mm.jpg,,,0.0,1.0,0.0,0.0,0.0,0.0,0.0,0.0,0.0,0.0,0.0,0.0,0.0,0.0,0.0,0.0,0.0,0.0,0.0,1.0,0.0,0.0,0.0,0.0,0.0,0.0,0.0,0.0,0.0,1.0,0.0,0.0
901541363535278080,"Flash Flood Warning including West Livingston TX, Livingston TX, Shepherd TX until 5:30 PM CDT https://t.co/Diq5Zb2NHo",0,2017-08-26T20:26:25Z,NWSFlashFlood,@NWSFlashFlood,742351395152637953,0,1440,False,2016-06-13T13:42:19Z,,Official Twitter National Weather Service account used to distribute experimental flash flood impact graphics. Read more at: http://goo.gl/cCCw1s,photo,http://pbs.twimg.com/media/DILrF0tXcAArNc7.jpg,0,0,0,0,True,,1,http://pbs.twimg.com/media/DILrF0tXcAArNc7.jpg,,,1.0,0.0,0.0,0.0,0.0,0.0,0.0,0.0,0.0,1.0,0.0,0.0,0.0,0.0,0.0,0.0,0.0,0.0,0.0,0.0,0.0,0.0,0.0,1.0,0.0,0.0,0.0,0.0,0.0,1.0,0.0,0.0
901541371378585600,"Flash Flood Warning including West Livingston TX, Livingston TX, Shepherd TX until 5:30 PM CDT https://t.co/Fh4mhD8Q79",0,2017-08-26T20:26:27Z,NWSHouston,NWS Houston,600958397,349,33655,True,2012-06-06T13:13:19Z,"Houston, Texas",Official Twitter account for the National Weather Service Houston/Galveston TX. Details: http://www.weather.gov/twitter,photo,http://pbs.twimg.com/media/DILrGRaXkAUXtRD.jpg,0,0,0,0,True,"Texas, USA",1,http://pbs.twimg.com/media/DILrGRaXkAUXtRD.jpg,,,1.0,0.0,0.0,0.0,0.0,0.0,0.0,0.0,0.0,1.0,0.0,0.0,0.0,0.0,0.0,0.0,0.0,0.0,0.0,0.0,0.0,0.0,0.0,1.0,0.0,0.0,0.0,0.0,0.0,1.0,0.0,0.0
901541385521811457,"Aviso de InundaciÃ³n Repentina incluye West Livingston TX, Livingston TX, Shepherd TX hasta las 5:30 PM CDT https://t.co/ITDRP5MoF0",0,2017-08-26T20:26:30Z,NWSHouston,NWS Houston,600958397,349,33655,True,2012-06-06T13:13:19Z,"Houston, Texas",Official Twitter account for the National Weather Service Houston/Galveston TX. Details: http://www.weather.gov/twitter,photo,http://pbs.twimg.com/media/DILrHHNXgAEhJZl.jpg,0,0,0,0,True,"Texas, USA",1,http://pbs.twimg.com/media/DILrHHNXgAEhJZl.jpg,,,1.0,0.0,1.0,0.0,0.0,0.0,0.0,0.0,0.0,1.0,0.0,0.0,0.0,0.0,0.0,0.0,0.0,0.0,0.0,0.0,0.0,0.0,0.0,1.0,0.0,0.0,0.0,0.0,0.0,1.0,0.0,0.0
901542619674812416,"Tornado Warning including Huntington TX, Zavalla TX until 4:15 PM CDT https://t.co/GfnaPRavUl",0,2017-08-26T20:31:25Z,NWStornado,NWS Tornado,2544227706,0,62924,True,2014-06-03T20:21:13Z,,Official Twitter account for the National Weather Service used to distribute experimental tornado  warning impact graphics. Read more at: http://goo.gl/cCCw1s,photo,http://pbs.twimg.com/media/DILsO-2WsAAdHNF.jpg,0,0,0,0,True,"Texas, USA",1,http://pbs.twimg.com/media/DILsO-2WsAAdHNF.jpg,,,1.0,0.0,0.0,0.0,0.0,0.0,0.0,0.0,0.0,1.0,0.0,0.0,0.0,0.0,0.0,0.0,0.0,0.0,0.0,0.0,0.0,0.0,0.0,1.0,0.0,0.0,0.0,0.0,0.0,0.0,1.0,1.0
901542817658527744,"Polk Co. Sherriff's Office reporting flooding around the northeast side of Lake Livingston after 3-5"" of rain. https://t.co/5SseRtqWck",0,2017-08-26T20:32:12Z,TillmanWeather,David Tillman,1392425179,45,6646,True,2013-04-30T16:05:06Z,"Houston, TX","Meteorologist at #ABC13, KTRK-TV Houston",photo,http://pbs.twimg.com/media/DILsad5XUAIHl_n.jpg,0,0,0,0,True,,1,http://pbs.twimg.com/media/DILsad5XUAIHl_n.jpg,,,0.0,1.0,0.0,0.0,0.0,0.0,0.0,0.0,0.0,1.0,0.0,0.0,0.0,0.0,0.0,0.0,0.0,0.0,0.0,0.0,0.0,0.0,0.0,0.0,0.0,0.0,0.0,0.0,0.0,1.0,1.0,0.0
901543103793901568,"Tornado Warning including Woodville TX, Colmesneil TX, Chester TX until 4:00 PM CDT https://t.co/O34juqzIAn",0,2017-08-26T20:33:20Z,NWStornado,NWS Tornado,2544227706,0,62924,True,2014-06-03T20:21:13Z,,Official Twitter account for the National Weather Service used to distribute experimental tornado  warning impact graphics. Read more at: http://goo.gl/cCCw1s,photo,http://pbs.twimg.com/media/DILsrK4WAAAVzT7.jpg,0,0,0,0,True,"Texas, USA",1,http://pbs.twimg.com/media/DILsrK4WAAAVzT7.jpg,,,1.0,0.0,0.0,0.0,0.0,0.0,0.0,0.0,0.0,1.0,0.0,0.0,0.0,0.0,0.0,0.0,0.0,0.0,0.0,0.0,0.0,0.0,0.0,1.0,0.0,0.0,0.0,0.0,0.0,0.0,1.0,1.0
901543110307721216,"Tornado Warning including Woodville TX, Colmesneil TX, Chester TX until 4:00 PM CDT https://t.co/BHojOc6JVI",0,2017-08-26T20:33:22Z,NWSLakeCharles,NWS Lake Charles,590185677,234,6822,True,2012-05-25T16:00:35Z,"Lake Charles, Louisiana","Official Twitter account for the National Weather Service Lake Charles, LA. Details: http://weather.gov/twitter",photo,http://pbs.twimg.com/media/DILsrjLXgAA6PuT.jpg,0,0,0,0,True,"Texas, USA",1,http://pbs.twimg.com/media/DILsrjLXgAA6PuT.jpg,,,1.0,0.0,0.0,0.0,0.0,0.0,0.0,0.0,0.0,1.0,0.0,0.0,0.0,0.0,0.0,0.0,0.0,0.0,0.0,0.0,0.0,0.0,0.0,1.0,0.0,0.0,0.0,0.0,0.0,0.0,1.0,1.0
901544517194698752,"Tornado Warning including Leesville LA, New Llano LA, Anacoco LA until 4:15 PM CDT https://t.co/qWuVsT8G2F",0,2017-08-26T20:38:57Z,NWStornado,NWS Tornado,2544227706,0,62926,True,2014-06-03T20:21:13Z,,Official Twitter account for the National Weather Service used to distribute experimental tornado  warning impact graphics. Read more at: http://goo.gl/cCCw1s,photo,http://pbs.twimg.com/media/DILt9eqXgAAsKcV.jpg,0,0,0,0,True,"Louisiana, USA",1,http://pbs.twimg.com/media/DILt9eqXgAAsKcV.jpg,,,1.0,0.0,0.0,0.0,0.0,0.0,0.0,0.0,0.0,1.0,0.0,0.0,0.0,0.0,0.0,0.0,0.0,0.0,0.0,0.0,0.0,0.0,0.0,1.0,0.0,0.0,0.0,0.0,0.0,0.0,1.0,1.0
901544523565813760,"Tornado Warning including Leesville LA, New Llano LA, Anacoco LA until 4:15 PM CDT https://t.co/1mnQECq4d3",0,2017-08-26T20:38:58Z,NWSLakeCharles,NWS Lake Charles,590185677,234,6822,True,2012-05-25T16:00:35Z,"Lake Charles, Louisiana","Official Twitter account for the National Weather Service Lake Charles, LA. Details: http://weather.gov/twitter",photo,http://pbs.twimg.com/media/DILt90NXkAAAklx.jpg,0,0,0,0,True,"Louisiana, USA",1,http://pbs.twimg.com/media/DILt90NXkAAAklx.jpg,,,1.0,0.0,0.0,0.0,0.0,0.0,0.0,0.0,0.0,1.0,0.0,0.0,0.0,0.0,0.0,0.0,0.0,0.0,0.0,0.0,0.0,0.0,0.0,1.0,0.0,0.0,0.0,0.0,0.0,0.0,1.0,1.0
901545066560409604,"Tornado Warning including Prairie View TX, Waller TX, Stagecoach TX until 4:15 PM CDT https://t.co/l8CsZkFViL",0,2017-08-26T20:41:08Z,NWStornado,NWS Tornado,2544227706,0,62926,True,2014-06-03T20:21:13Z,,Official Twitter account for the National Weather Service used to distribute experimental tornado  warning impact graphics. Read more at: http://goo.gl/cCCw1s,photo,http://pbs.twimg.com/media/DILudY6WsAEMOyJ.jpg,0,0,0,0,True,"Texas, USA",1,http://pbs.twimg.com/media/DILudY6WsAEMOyJ.jpg,,,1.0,0.0,0.0,0.0,0.0,0.0,0.0,0.0,0.0,1.0,0.0,0.0,0.0,0.0,0.0,0.0,0.0,0.0,0.0,0.0,0.0,0.0,0.0,1.0,0.0,0.0,0.0,0.0,0.0,0.0,1.0,1.0
901545073795620864,"Tornado Warning including Prairie View TX, Waller TX, Stagecoach TX until 4:15 PM CDT https://t.co/NJUFCeh8gP",0,2017-08-26T20:41:10Z,NWSHouston,NWS Houston,600958397,349,33667,True,2012-06-06T13:13:19Z,"Houston, Texas",Official Twitter account for the National Weather Service Houston/Galveston TX. Details: http://www.weather.gov/twitter,photo,http://pbs.twimg.com/media/DILudzjWsAA-OW7.jpg,0,0,0,0,True,"Texas, USA",1,http://pbs.twimg.com/media/DILudzjWsAA-OW7.jpg,,,1.0,0.0,0.0,0.0,0.0,0.0,0.0,0.0,0.0,1.0,0.0,0.0,0.0,0.0,0.0,0.0,0.0,0.0,0.0,0.0,0.0,0.0,0.0,1.0,0.0,0.0,0.0,0.0,0.0,0.0,1.0,1.0
901545086290448384,"Aviso de Tornado incluye Prairie View TX, Waller TX, Stagecoach TX hasta las 4:15 PM CDT https://t.co/pDP8WCtfTv",0,2017-08-26T20:41:13Z,NWSHouston,NWS Houston,600958397,349,33667,True,2012-06-06T13:13:19Z,"Houston, Texas",Official Twitter account for the National Weather Service Houston/Galveston TX. Details: http://www.weather.gov/twitter,photo,http://pbs.twimg.com/media/DILuelOXoAAfPOn.jpg,0,0,0,0,True,"Texas, USA",1,http://pbs.twimg.com/media/DILuelOXoAAfPOn.jpg,,,1.0,0.0,1.0,0.0,0.0,0.0,0.0,0.0,0.0,1.0,0.0,0.0,0.0,0.0,0.0,0.0,0.0,0.0,0.0,0.0,0.0,0.0,0.0,1.0,0.0,0.0,0.0,0.0,0.0,0.0,1.0,1.0
901547514947665920,"Tight rotation in west Harris County, tracking toward Cypress. Tornado Warning in effect. #houwx https://t.co/YlGKBeceW1",0,2017-08-26T20:50:52Z,HellerWeather,ABC13 Tim Heller,20010925,1215,19153,True,2009-02-03T22:46:30Z,"Houston, TX",Forecasting weather for the 4th largest city in America. #ABC13 #Houston #TXwx,photo,http://pbs.twimg.com/media/DILwr4pXoAEUEQC.jpg,0,0,0,0,True,,1,http://pbs.twimg.com/media/DILwr4pXoAEUEQC.jpg,,,0.0,1.0,0.0,0.0,0.0,0.0,0.0,0.0,0.0,0.0,0.0,0.0,0.0,0.0,0.0,0.0,0.0,0.0,0.0,0.0,1.0,0.0,0.0,0.0,0.0,0.0,0.0,0.0,0.0,0.0,1.0,0.0
901548808714235905,Tornado Warning continues for Huntington TX until 4:15 PM CDT https://t.co/684YLCUa5d,0,2017-08-26T20:56:00Z,NWStornado,NWS Tornado,2544227706,0,62927,True,2014-06-03T20:21:13Z,,Official Twitter account for the National Weather Service used to distribute experimental tornado  warning impact graphics. Read more at: http://goo.gl/cCCw1s,photo,http://pbs.twimg.com/media/DILx3L0XsAQvkeu.jpg,0,0,0,0,True,"Texas, USA",1,http://pbs.twimg.com/media/DILx3L0XsAQvkeu.jpg,,,1.0,0.0,0.0,0.0,0.0,0.0,0.0,0.0,0.0,1.0,0.0,0.0,0.0,0.0,0.0,0.0,0.0,0.0,0.0,0.0,0.0,0.0,0.0,1.0,0.0,0.0,0.0,0.0,0.0,0.0,1.0,1.0
901549161862004736,"Tornado Warning continues for Prairie View TX, Waller TX, Stagecoach TX until 4:15 PM CDT https://t.co/cqNbc13XH5",0,2017-08-26T20:57:24Z,NWStornado,NWS Tornado,2544227706,0,62928,True,2014-06-03T20:21:13Z,,Official Twitter account for the National Weather Service used to distribute experimental tornado  warning impact graphics. Read more at: http://goo.gl/cCCw1s,photo,http://pbs.twimg.com/media/DILyLxCWAAEKWrR.jpg,0,0,0,0,True,"Texas, USA",1,http://pbs.twimg.com/media/DILyLxCWAAEKWrR.jpg,,,1.0,0.0,0.0,0.0,0.0,0.0,0.0,0.0,0.0,1.0,0.0,0.0,0.0,0.0,0.0,0.0,0.0,0.0,0.0,0.0,0.0,0.0,0.0,1.0,0.0,0.0,0.0,0.0,0.0,0.0,1.0,1.0
901550532380196865,"Tornado Warning including Huntington TX, Redland TX until 4:45 PM CDT https://t.co/PZOH0C5xkQ",0,2017-08-26T21:02:51Z,NWStornado,NWS Tornado,2544227706,0,62933,True,2014-06-03T20:21:13Z,,Official Twitter account for the National Weather Service used to distribute experimental tornado  warning impact graphics. Read more at: http://goo.gl/cCCw1s,photo,http://pbs.twimg.com/media/DILzbhpXUAEEFpH.jpg,0,0,0,0,True,"Texas, USA",1,http://pbs.twimg.com/media/DILzbhpXUAEEFpH.jpg,,,1.0,0.0,0.0,0.0,0.0,0.0,0.0,0.0,0.0,1.0,0.0,0.0,0.0,0.0,0.0,0.0,0.0,0.0,0.0,0.0,0.0,0.0,0.0,1.0,0.0,0.0,0.0,0.0,0.0,0.0,1.0,1.0
901550742238113792,"Tornado Warning continues for Prairie View TX, Waller TX, Stagecoach TX until 4:15 PM CDT https://t.co/IXRlzkd73r",0,2017-08-26T21:03:41Z,NWStornado,NWS Tornado,2544227706,0,62933,True,2014-06-03T20:21:13Z,,Official Twitter account for the National Weather Service used to distribute experimental tornado  warning impact graphics. Read more at: http://goo.gl/cCCw1s,photo,http://pbs.twimg.com/media/DILznyXXsAEjIT1.jpg,0,0,0,0,True,"Texas, USA",1,http://pbs.twimg.com/media/DILznyXXsAEjIT1.jpg,,,1.0,0.0,0.0,0.0,0.0,0.0,0.0,0.0,0.0,1.0,0.0,0.0,0.0,0.0,0.0,0.0,0.0,0.0,0.0,0.0,0.0,0.0,0.0,1.0,0.0,0.0,0.0,0.0,0.0,0.0,1.0,1.0
901550746478444544,"Tornado Warning continues for Prairie View TX, Waller TX, Stagecoach TX until 4:15 PM CDT https://t.co/5IySnZcFUC",0,2017-08-26T21:03:42Z,NWStornado,NWS Tornado,2544227706,0,62933,True,2014-06-03T20:21:13Z,,Official Twitter account for the National Weather Service used to distribute experimental tornado  warning impact graphics. Read more at: http://goo.gl/cCCw1s,photo,http://pbs.twimg.com/media/DILzoCIXoAIkd94.jpg,0,0,0,0,True,"Texas, USA",1,http://pbs.twimg.com/media/DILzoCIXoAIkd94.jpg,,,1.0,0.0,0.0,0.0,0.0,0.0,0.0,0.0,0.0,1.0,0.0,0.0,0.0,0.0,0.0,0.0,0.0,0.0,0.0,0.0,0.0,0.0,0.0,1.0,0.0,0.0,0.0,0.0,0.0,0.0,1.0,1.0
901551865690804226,"Tornado Warning including Huntington TX, Zavalla TX until 5:00 PM CDT https://t.co/DRDRBy2Lip",0,2017-08-26T21:08:09Z,NWStornado,NWS Tornado,2544227706,0,62934,True,2014-06-03T20:21:13Z,,Official Twitter account for the National Weather Service used to distribute experimental tornado  warning impact graphics. Read more at: http://goo.gl/cCCw1s,photo,http://pbs.twimg.com/media/DIL0pLtXsAAZZwS.jpg,0,0,0,0,True,"Texas, USA",1,http://pbs.twimg.com/media/DIL0pLtXsAAZZwS.jpg,,,1.0,0.0,0.0,0.0,0.0,0.0,0.0,0.0,0.0,1.0,0.0,0.0,0.0,0.0,0.0,0.0,0.0,0.0,0.0,0.0,0.0,0.0,0.0,1.0,0.0,0.0,0.0,0.0,0.0,0.0,1.0,1.0
901552405048852481,4PM Advisory on #Harvey: 65 mph sustained winds and the storm has become stationary: https://t.co/T0HcwTGM06 https://t.co/QORrx2CG98,0,2017-08-26T21:10:18Z,KPRC2WEATHER,KPRC 2 WEATHER,29239301,1175,32326,False,2009-04-06T16:53:21Z,"Houston, Texas",KPRC 2 is Houston's NBC affiliate.,photo,http://pbs.twimg.com/media/DIL1IffWAAEfd2P.jpg,0,0,0,0,True,,1,http://pbs.twimg.com/media/DIL1IffWAAEfd2P.jpg,,,0.0,1.0,0.0,0.0,0.0,0.0,0.0,0.0,0.0,0.0,0.0,0.0,0.0,0.0,0.0,0.0,0.0,0.0,0.0,0.0,1.0,0.0,0.0,0.0,0.0,0.0,1.0,1.0,0.0,0.0,0.0,0.0
901552422245552128,4PM Advisory on #Harvey: 65 mph sustained winds and the storm has become stationary: https://t.co/V70et0FAxI https://t.co/XITuxWL312,0,2017-08-26T21:10:22Z,KPRC2,KPRC 2 Houston,27583598,1535,547388,True,2009-03-30T04:25:49Z,"Houston, TX",NBC TV affiliate and local news station in #Houston. #BreakingNews #HoustonWeather #KPRC2 | Follow more KPRC reporters: http://bit.ly/1Rwg7wG,photo,http://pbs.twimg.com/media/DIL1JbCWAAErPgh.jpg,0,0,0,0,True,,1,http://pbs.twimg.com/media/DIL1JbCWAAErPgh.jpg,,,0.0,1.0,0.0,0.0,0.0,0.0,0.0,0.0,0.0,0.0,0.0,0.0,0.0,0.0,0.0,0.0,0.0,0.0,0.0,0.0,1.0,0.0,0.0,0.0,0.0,0.0,1.0,1.0,0.0,0.0,0.0,0.0
901553761759502337,Tornadoes producing damage in NW Harris County #houwx #hounews https://t.co/Boal8pMyDa,0,2017-08-26T21:15:41Z,JeffLindner1,Jeff Lindner,1137886028,190,3167,False,2013-01-31T20:47:43Z,"Houston, TX",Meteorologist with the Harris County Flood Control District,animated_gif,https://video.twimg.com/tweet_video/DIL2U_jVoAAeMY0.mp4,0,0,0,0,True,,1,https://video.twimg.com/tweet_video/DIL2U_jVoAAeMY0.mp4,,,0.0,1.0,0.0,0.0,0.0,0.0,0.0,0.0,0.0,1.0,0.0,0.0,0.0,0.0,0.0,0.0,0.0,0.0,0.0,0.0,0.0,0.0,0.0,0.0,0.0,0.0,0.0,0.0,0.0,0.0,1.0,0.0
901554079264108545,"Tornado Warning continues for Huntington TX, Zavalla TX until 5:00 PM CDT https://t.co/nbnhnPh4L8",0,2017-08-26T21:16:57Z,NWStornado,NWS Tornado,2544227706,0,62937,True,2014-06-03T20:21:13Z,,Official Twitter account for the National Weather Service used to distribute experimental tornado  warning impact graphics. Read more at: http://goo.gl/cCCw1s,photo,http://pbs.twimg.com/media/DIL2qB-XoAAnkgZ.jpg,0,0,0,0,True,"Texas, USA",1,http://pbs.twimg.com/media/DIL2qB-XoAAnkgZ.jpg,,,1.0,0.0,0.0,0.0,0.0,0.0,0.0,0.0,0.0,1.0,0.0,0.0,0.0,0.0,0.0,0.0,0.0,0.0,0.0,0.0,0.0,0.0,0.0,1.0,0.0,0.0,0.0,0.0,0.0,0.0,1.0,1.0
901554364304773121,"Tornado Warning including Tomball TX, Jersey Village TX, Pinehurst TX until 5:00 PM CDT https://t.co/RghMmBPnMl",0,2017-08-26T21:18:05Z,NWStornado,NWS Tornado,2544227706,0,62937,True,2014-06-03T20:21:13Z,,Official Twitter account for the National Weather Service used to distribute experimental tornado  warning impact graphics. Read more at: http://goo.gl/cCCw1s,photo,http://pbs.twimg.com/media/DIL26mIWAAEzwbA.jpg,0,0,0,0,True,"Texas, USA",1,http://pbs.twimg.com/media/DIL26mIWAAEzwbA.jpg,,,1.0,0.0,0.0,0.0,0.0,0.0,0.0,0.0,0.0,1.0,0.0,0.0,0.0,0.0,0.0,0.0,0.0,0.0,0.0,0.0,0.0,0.0,0.0,1.0,0.0,0.0,0.0,0.0,0.0,0.0,1.0,1.0
901554373024788480,"Tornado Warning including Tomball TX, Jersey Village TX, Pinehurst TX until 5:00 PM CDT https://t.co/8gDNyyiyDD",0,2017-08-26T21:18:07Z,NWSHouston,NWS Houston,600958397,349,33748,True,2012-06-06T13:13:19Z,"Houston, Texas",Official Twitter account for the National Weather Service Houston/Galveston TX. Details: http://www.weather.gov/twitter,photo,http://pbs.twimg.com/media/DIL27DfXoAEjGZF.jpg,0,0,0,0,True,"Texas, USA",1,http://pbs.twimg.com/media/DIL27DfXoAEjGZF.jpg,,,1.0,0.0,0.0,0.0,0.0,0.0,0.0,0.0,0.0,1.0,0.0,0.0,0.0,0.0,0.0,0.0,0.0,0.0,0.0,0.0,0.0,0.0,0.0,1.0,0.0,0.0,0.0,0.0,0.0,0.0,1.0,1.0
901554389911035904,"Aviso de Tornado incluye Tomball TX, Jersey Village TX, Pinehurst TX hasta las 5:00 PM CDT https://t.co/BZ5V3iJB0P",0,2017-08-26T21:18:11Z,NWSHouston,NWS Houston,600958397,349,33748,True,2012-06-06T13:13:19Z,"Houston, Texas",Official Twitter account for the National Weather Service Houston/Galveston TX. Details: http://www.weather.gov/twitter,photo,http://pbs.twimg.com/media/DIL28DEXgAY4FtO.jpg,0,0,0,0,True,"Texas, USA",1,http://pbs.twimg.com/media/DIL28DEXgAY4FtO.jpg,,,1.0,0.0,1.0,0.0,0.0,0.0,0.0,0.0,0.0,1.0,0.0,0.0,0.0,0.0,0.0,0.0,0.0,0.0,0.0,0.0,0.0,0.0,0.0,1.0,0.0,0.0,0.0,0.0,0.0,0.0,1.0,1.0
901554416767119360,"Tornado Warning including Vidor TX, Buna TX, Evadale TX until 4:45 PM CDT https://t.co/aubMpRwRqv",0,2017-08-26T21:18:17Z,NWStornado,NWS Tornado,2544227706,0,62937,True,2014-06-03T20:21:13Z,,Official Twitter account for the National Weather Service used to distribute experimental tornado  warning impact graphics. Read more at: http://goo.gl/cCCw1s,photo,http://pbs.twimg.com/media/DIL29oEXgAUFNPE.jpg,0,0,0,0,True,"Texas, USA",1,http://pbs.twimg.com/media/DIL29oEXgAUFNPE.jpg,,,1.0,0.0,0.0,0.0,0.0,0.0,0.0,0.0,0.0,1.0,0.0,0.0,0.0,0.0,0.0,0.0,0.0,0.0,0.0,0.0,0.0,0.0,0.0,1.0,0.0,0.0,0.0,0.0,0.0,0.0,1.0,1.0
901554424744751104,"Tornado Warning including Vidor TX, Buna TX, Evadale TX until 4:45 PM CDT https://t.co/wa69iDJGGr",0,2017-08-26T21:18:19Z,NWSLakeCharles,NWS Lake Charles,590185677,234,6825,True,2012-05-25T16:00:35Z,"Lake Charles, Louisiana","Official Twitter account for the National Weather Service Lake Charles, LA. Details: http://weather.gov/twitter",photo,http://pbs.twimg.com/media/DIL2-HUWsAEbvgj.jpg,0,0,0,0,True,"Texas, USA",1,http://pbs.twimg.com/media/DIL2-HUWsAEbvgj.jpg,,,1.0,0.0,0.0,0.0,0.0,0.0,0.0,0.0,0.0,1.0,0.0,0.0,0.0,0.0,0.0,0.0,0.0,0.0,0.0,0.0,0.0,0.0,0.0,1.0,0.0,0.0,0.0,0.0,0.0,0.0,1.0,1.0
901555058223009792,Tornado Warning continues for Redland TX until 4:45 PM CDT https://t.co/gGk1HdffvK,0,2017-08-26T21:20:50Z,NWStornado,NWS Tornado,2544227706,0,62939,True,2014-06-03T20:21:13Z,,Official Twitter account for the National Weather Service used to distribute experimental tornado  warning impact graphics. Read more at: http://goo.gl/cCCw1s,photo,http://pbs.twimg.com/media/DIL3i9wXoAEa6CF.jpg,0,0,0,0,True,"Texas, USA",1,http://pbs.twimg.com/media/DIL3i9wXoAEa6CF.jpg,,,1.0,0.0,0.0,0.0,0.0,0.0,0.0,0.0,0.0,1.0,0.0,0.0,0.0,0.0,0.0,0.0,0.0,0.0,0.0,0.0,0.0,0.0,0.0,1.0,0.0,0.0,0.0,0.0,0.0,0.0,1.0,1.0
901556106337689601,"Tornado Warning continues for Tomball TX, Jersey Village TX, Pinehurst TX until 5:00 PM CDT https://t.co/RJYlAJLqF0",0,2017-08-26T21:25:00Z,NWStornado,NWS Tornado,2544227706,0,62943,True,2014-06-03T20:21:13Z,,Official Twitter account for the National Weather Service used to distribute experimental tornado  warning impact graphics. Read more at: http://goo.gl/cCCw1s,photo,http://pbs.twimg.com/media/DIL4f9dWsAEyaoJ.jpg,0,0,0,0,True,"Texas, USA",1,http://pbs.twimg.com/media/DIL4f9dWsAEyaoJ.jpg,,,1.0,0.0,0.0,0.0,0.0,0.0,0.0,0.0,0.0,1.0,0.0,0.0,0.0,0.0,0.0,0.0,0.0,0.0,0.0,0.0,0.0,0.0,0.0,1.0,0.0,0.0,0.0,0.0,0.0,0.0,1.0,1.0
901557596322222080,"Tornado Warning including Newton TX, Bancroft LA, Bleakwood TX until 5:00 PM CDT https://t.co/yamUVmCs7A",0,2017-08-26T21:30:55Z,NWStornado,NWS Tornado,2544227706,0,62944,True,2014-06-03T20:21:13Z,,Official Twitter account for the National Weather Service used to distribute experimental tornado  warning impact graphics. Read more at: http://goo.gl/cCCw1s,photo,http://pbs.twimg.com/media/DIL52vaXUAAMVW1.jpg,0,0,0,0,True,"Texas, USA",1,http://pbs.twimg.com/media/DIL52vaXUAAMVW1.jpg,,,1.0,0.0,0.0,0.0,0.0,0.0,0.0,0.0,0.0,1.0,0.0,0.0,0.0,0.0,0.0,0.0,0.0,0.0,0.0,0.0,0.0,0.0,0.0,1.0,0.0,0.0,0.0,0.0,0.0,0.0,1.0,1.0
901557603729379331,"Tornado Warning including Newton TX, Bancroft LA, Bleakwood TX until 5:00 PM CDT https://t.co/3xLskvFqPl",0,2017-08-26T21:30:57Z,NWSLakeCharles,NWS Lake Charles,590185677,234,6825,True,2012-05-25T16:00:35Z,"Lake Charles, Louisiana","Official Twitter account for the National Weather Service Lake Charles, LA. Details: http://weather.gov/twitter",photo,http://pbs.twimg.com/media/DIL53L2WAAA_vcu.jpg,0,0,0,0,True,"Texas, USA",1,http://pbs.twimg.com/media/DIL53L2WAAA_vcu.jpg,,,1.0,0.0,0.0,0.0,0.0,0.0,0.0,0.0,0.0,1.0,0.0,0.0,0.0,0.0,0.0,0.0,0.0,0.0,0.0,0.0,0.0,0.0,0.0,1.0,0.0,0.0,0.0,0.0,0.0,0.0,1.0,1.0
901557639624183808,Another tornado forming #houwx #hounews https://t.co/BGen5yAb5V,0,2017-08-26T21:31:06Z,JeffLindner1,Jeff Lindner,1137886028,190,3170,False,2013-01-31T20:47:43Z,"Houston, TX",Meteorologist with the Harris County Flood Control District,photo,http://pbs.twimg.com/media/DIL54n1UMAAKQ_J.jpg,0,0,0,0,True,,1,http://pbs.twimg.com/media/DIL54n1UMAAKQ_J.jpg,,,0.0,1.0,0.0,0.0,0.0,0.0,0.0,0.0,0.0,1.0,0.0,0.0,0.0,0.0,0.0,0.0,0.0,0.0,0.0,0.0,0.0,0.0,0.0,0.0,0.0,0.0,0.0,0.0,0.0,0.0,1.0,0.0
901557984060375040,Key messages for Tropical Storm #Harvey advisory 26 https://t.co/uI0Iyawrgt,0,2017-08-26T21:32:28Z,NHC_Atlantic,NHC Atlantic Ops,299798272,0,278035,True,2011-05-16T17:59:24Z,"Miami, FL","Providing analyses, forecasts, and warnings of tropical cyclones and disturbances over the Atlantic basin.",photo,http://pbs.twimg.com/media/DIL6L53V4AAYQa-.jpg,0,0,0,0,True,,1,http://pbs.twimg.com/media/DIL6L53V4AAYQa-.jpg,,,1.0,0.0,0.0,0.0,1.0,0.0,0.0,0.0,1.0,1.0,0.0,0.0,0.0,1.0,0.0,0.0,0.0,0.0,0.0,0.0,0.0,0.0,0.0,0.0,0.0,0.0,1.0,1.0,1.0,1.0,0.0,0.0
901558207528697856,Tornado Warning continues for Huntington TX until 5:00 PM CDT https://t.co/85P1d8w1av,0,2017-08-26T21:33:21Z,NWStornado,NWS Tornado,2544227706,0,62947,True,2014-06-03T20:21:13Z,,Official Twitter account for the National Weather Service used to distribute experimental tornado  warning impact graphics. Read more at: http://goo.gl/cCCw1s,photo,http://pbs.twimg.com/media/DIL6aUbXUAAie6S.jpg,0,0,0,0,True,"Texas, USA",1,http://pbs.twimg.com/media/DIL6aUbXUAAie6S.jpg,,,1.0,0.0,0.0,0.0,0.0,0.0,0.0,0.0,0.0,1.0,0.0,0.0,0.0,0.0,0.0,0.0,0.0,0.0,0.0,0.0,0.0,0.0,0.0,1.0,0.0,0.0,0.0,0.0,0.0,0.0,1.0,1.0
901558419173388289,Tornado Warning continues for Redland TX until 4:45 PM CDT https://t.co/yqM8CRMklo,0,2017-08-26T21:34:11Z,NWStornado,NWS Tornado,2544227706,0,62947,True,2014-06-03T20:21:13Z,,Official Twitter account for the National Weather Service used to distribute experimental tornado  warning impact graphics. Read more at: http://goo.gl/cCCw1s,photo,http://pbs.twimg.com/media/DIL6mk4XYAMmy0E.jpg,0,0,0,0,True,"Texas, USA",1,http://pbs.twimg.com/media/DIL6mk4XYAMmy0E.jpg,,,1.0,0.0,0.0,0.0,0.0,0.0,0.0,0.0,0.0,1.0,0.0,0.0,0.0,0.0,0.0,0.0,0.0,0.0,0.0,0.0,0.0,0.0,0.0,1.0,0.0,0.0,0.0,0.0,0.0,0.0,1.0,1.0
901558896866799617,435 CT: Notable uptick in convection (and isolated tornadoes) northwest of downtown Houston last hour or so. #Harvey https://t.co/KWVIxjDj1J,0,2017-08-26T21:36:05Z,mattlanza,Matt Lanza,16752675,4157,11414,True,2008-10-15T02:25:36Z,"Houston, TX","Meteorologist @SpaceCityWx & energy, sometimes weather @FiveThirtyEight, @RutgersU alum. Jersey grown. Tweeting weather, history, baseball, more. Thoughts mine.",animated_gif,https://video.twimg.com/tweet_video/DIL7BJsV4AAG-tj.mp4,0,0,0,0,True,,1,https://video.twimg.com/tweet_video/DIL7BJsV4AAG-tj.mp4,,,0.0,1.0,0.0,0.0,0.0,0.0,0.0,0.0,0.0,1.0,0.0,0.0,0.0,0.0,0.0,0.0,0.0,0.0,0.0,0.0,1.0,0.0,0.0,0.0,0.0,0.0,0.0,0.0,0.0,1.0,1.0,0.0
901561529782456321,4:45p - Rain bands with heaviest rain continue to line up along the I-35 Corridor. https://t.co/S3NoRUVTgT,0,2017-08-26T21:46:33Z,NWSSanAntonio,NWS San Antonio,594749537,185,26124,True,2012-05-30T17:13:01Z,"New Braunfels, Texas",Official Twitter account for the National Weather Service Austin/San Antonio. Details: http://weather.gov/twitter,animated_gif,https://video.twimg.com/tweet_video/DIL9XaGW0AYBqU4.mp4,0,0,0,0,True,,1,https://video.twimg.com/tweet_video/DIL9XaGW0AYBqU4.mp4,,,0.0,1.0,0.0,0.0,0.0,0.0,0.0,0.0,0.0,1.0,0.0,0.0,0.0,0.0,0.0,0.0,0.0,0.0,0.0,0.0,0.0,0.0,0.0,0.0,0.0,0.0,0.0,0.0,0.0,1.0,1.0,0.0
901562016376254464,Three spots of potential rotation within the tornado warned area. Take cover now if you're in the red box! https://t.co/Lb5932gBPd,0,2017-08-26T21:48:29Z,KPRC2WEATHER,KPRC 2 WEATHER,29239301,1175,32344,False,2009-04-06T16:53:21Z,"Houston, Texas",KPRC 2 is Houston's NBC affiliate.,photo,http://pbs.twimg.com/media/DIL938_XUAQceUp.jpg,0,0,0,0,True,,1,http://pbs.twimg.com/media/DIL938_XUAQceUp.jpg,,,0.0,1.0,0.0,0.0,0.0,0.0,0.0,0.0,0.0,1.0,0.0,0.0,0.0,0.0,0.0,0.0,0.0,0.0,0.0,0.0,0.0,0.0,0.0,0.0,0.0,0.0,0.0,0.0,0.0,0.0,1.0,0.0
901562028749402113,Three spots of potential rotation within the tornado warned area. Take cover now if you're in the red box! https://t.co/Rfdpug9Dtq,0,2017-08-26T21:48:32Z,KPRC2,KPRC 2 Houston,27583598,1536,547586,True,2009-03-30T04:25:49Z,"Houston, TX",NBC TV affiliate and local news station in #Houston. #BreakingNews #HoustonWeather #KPRC2 | Follow more KPRC reporters: http://bit.ly/1Rwg7wG,photo,http://pbs.twimg.com/media/DIL94pyXkAATam-.jpg,0,0,0,0,True,,1,http://pbs.twimg.com/media/DIL94pyXkAATam-.jpg,,,0.0,1.0,0.0,0.0,0.0,0.0,0.0,0.0,0.0,1.0,0.0,0.0,0.0,0.0,0.0,0.0,0.0,0.0,0.0,0.0,0.0,0.0,0.0,0.0,0.0,0.0,0.0,0.0,0.0,0.0,1.0,0.0
901562328596045824,"Flash Flood Warning including Hockley TX, Satsuma TX until 6:45 PM CDT https://t.co/7NqgpcTKPk",0,2017-08-26T21:49:44Z,NWSFlashFlood,@NWSFlashFlood,742351395152637953,0,1440,False,2016-06-13T13:42:19Z,,Official Twitter National Weather Service account used to distribute experimental flash flood impact graphics. Read more at: http://goo.gl/cCCw1s,photo,http://pbs.twimg.com/media/DIL-KL2XkAA6yS1.jpg,0,0,0,0,True,,1,http://pbs.twimg.com/media/DIL-KL2XkAA6yS1.jpg,,,1.0,0.0,0.0,0.0,0.0,0.0,0.0,0.0,0.0,1.0,0.0,0.0,0.0,0.0,0.0,0.0,0.0,0.0,0.0,0.0,0.0,0.0,0.0,1.0,0.0,0.0,0.0,0.0,0.0,1.0,0.0,0.0
901562334870728705,"Flash Flood Warning including Hockley TX, Satsuma TX until 6:45 PM CDT https://t.co/hawRIte8AI",0,2017-08-26T21:49:45Z,NWSHouston,NWS Houston,600958397,349,33895,True,2012-06-06T13:13:19Z,"Houston, Texas",Official Twitter account for the National Weather Service Houston/Galveston TX. Details: http://www.weather.gov/twitter,photo,http://pbs.twimg.com/media/DIL-KkyWAAASIzB.jpg,0,0,0,0,True,"Texas, USA",1,http://pbs.twimg.com/media/DIL-KkyWAAASIzB.jpg,,,1.0,0.0,0.0,0.0,0.0,0.0,0.0,0.0,0.0,1.0,0.0,0.0,0.0,0.0,0.0,0.0,0.0,0.0,0.0,0.0,0.0,0.0,0.0,1.0,0.0,0.0,0.0,0.0,0.0,1.0,0.0,0.0
901562346614685696,"Aviso de InundaciÃ³n Repentina incluye Hockley TX, Satsuma TX hasta las 6:45 PM CDT https://t.co/yaUQYqXGu4",0,2017-08-26T21:49:48Z,NWSHouston,NWS Houston,600958397,349,33895,True,2012-06-06T13:13:19Z,"Houston, Texas",Official Twitter account for the National Weather Service Houston/Galveston TX. Details: http://www.weather.gov/twitter,photo,http://pbs.twimg.com/media/DIL-LSRWsAEiESK.jpg,0,0,0,0,True,"Texas, USA",1,http://pbs.twimg.com/media/DIL-LSRWsAEiESK.jpg,,,1.0,0.0,1.0,0.0,0.0,0.0,0.0,0.0,0.0,1.0,0.0,0.0,0.0,0.0,0.0,0.0,0.0,0.0,0.0,0.0,0.0,0.0,0.0,1.0,0.0,0.0,0.0,0.0,0.0,1.0,0.0,0.0
901562546720821248,Brazos River near Rosharon.  https://t.co/aJ3teBNEXH for further updates https://t.co/zXnVWmTvo3,0,2017-08-26T21:50:36Z,BrazoriaCounty,Brazoria County,174752321,163,2666,False,2010-08-04T18:52:04Z,Texas,Official Brazoria County Twitter Page,photo,http://pbs.twimg.com/media/DIL-WjOUMAApEOU.jpg,0,0,0,0,True,,1,http://pbs.twimg.com/media/DIL-WjOUMAApEOU.jpg,,,1.0,0.0,0.0,0.0,0.0,0.0,0.0,0.0,0.0,0.0,0.0,0.0,0.0,0.0,0.0,1.0,0.0,0.0,0.0,0.0,0.0,0.0,0.0,0.0,0.0,0.0,0.0,0.0,0.0,1.0,0.0,0.0
901563089497313281,"Tornado Warning continues for Tomball TX, Pinehurst TX, Magnolia TX until 5:00 PM CDT https://t.co/6zLQQCgSHQ",0,2017-08-26T21:52:45Z,NWStornado,NWS Tornado,2544227706,0,62960,True,2014-06-03T20:21:13Z,,Official Twitter account for the National Weather Service used to distribute experimental tornado  warning impact graphics. Read more at: http://goo.gl/cCCw1s,photo,http://pbs.twimg.com/media/DIL-2fGXoAAu_f0.jpg,0,0,0,0,True,"Texas, USA",1,http://pbs.twimg.com/media/DIL-2fGXoAAu_f0.jpg,,,1.0,0.0,0.0,0.0,0.0,0.0,0.0,0.0,0.0,1.0,0.0,0.0,0.0,0.0,0.0,0.0,0.0,0.0,0.0,0.0,0.0,0.0,0.0,1.0,0.0,0.0,0.0,0.0,0.0,0.0,1.0,1.0
901564703683596307,Flash Flood Warning for Little Cypres Creek off Becker Road. Water is over the bank https://t.co/T0HcwTGM06 https://t.co/f3yci2lFKK,0,2017-08-26T21:59:10Z,KPRC2WEATHER,KPRC 2 WEATHER,29239301,1175,32355,False,2009-04-06T16:53:21Z,"Houston, Texas",KPRC 2 is Houston's NBC affiliate.,photo,http://pbs.twimg.com/media/DIMAUYFXoAECwhg.jpg,0,0,0,0,True,,1,http://pbs.twimg.com/media/DIMAUYFXoAECwhg.jpg,,,0.0,1.0,0.0,0.0,0.0,0.0,0.0,0.0,0.0,1.0,0.0,0.0,0.0,0.0,0.0,0.0,0.0,0.0,0.0,0.0,0.0,0.0,0.0,0.0,0.0,0.0,0.0,0.0,0.0,1.0,1.0,0.0
901564715381526532,Flash Flood Warning for Little Cypres Creek off Becker Road. Water is over the bank https://t.co/V70et0FAxI https://t.co/V3UWBlgcQv,0,2017-08-26T21:59:13Z,KPRC2,KPRC 2 Houston,27583598,1536,547653,True,2009-03-30T04:25:49Z,"Houston, TX",NBC TV affiliate and local news station in #Houston. #BreakingNews #HoustonWeather #KPRC2 | Follow more KPRC reporters: http://bit.ly/1Rwg7wG,photo,http://pbs.twimg.com/media/DIMAVCuXkAEgvB5.jpg,0,0,0,0,True,,1,http://pbs.twimg.com/media/DIMAVCuXkAEgvB5.jpg,,,0.0,1.0,0.0,0.0,0.0,0.0,0.0,0.0,0.0,1.0,0.0,0.0,0.0,0.0,0.0,0.0,0.0,0.0,0.0,0.0,0.0,0.0,0.0,0.0,0.0,0.0,0.0,0.0,0.0,1.0,1.0,0.0
901564957703254019,"Tornado Warning including Tomball TX, Pinehurst TX, Magnolia TX until 5:45 PM CDT https://t.co/yxVpRaKLzy",0,2017-08-26T22:00:10Z,NWStornado,NWS Tornado,2544227706,0,62966,True,2014-06-03T20:21:13Z,,Official Twitter account for the National Weather Service used to distribute experimental tornado  warning impact graphics. Read more at: http://goo.gl/cCCw1s,photo,http://pbs.twimg.com/media/DIMAjOpXYAALix-.jpg,0,0,0,0,True,"Texas, USA",1,http://pbs.twimg.com/media/DIMAjOpXYAALix-.jpg,,,1.0,0.0,0.0,0.0,0.0,0.0,0.0,0.0,0.0,1.0,0.0,0.0,0.0,0.0,0.0,0.0,0.0,0.0,0.0,0.0,0.0,0.0,0.0,1.0,0.0,0.0,0.0,0.0,0.0,0.0,1.0,1.0
901564964426698752,"Tornado Warning including Tomball TX, Pinehurst TX, Magnolia TX until 5:45 PM CDT https://t.co/TyjQ9GgG9C",0,2017-08-26T22:00:12Z,NWSHouston,NWS Houston,600958397,349,33936,True,2012-06-06T13:13:19Z,"Houston, Texas",Official Twitter account for the National Weather Service Houston/Galveston TX. Details: http://www.weather.gov/twitter,photo,http://pbs.twimg.com/media/DIMAjnQWsAAAnao.jpg,0,0,0,0,True,"Texas, USA",1,http://pbs.twimg.com/media/DIMAjnQWsAAAnao.jpg,,,1.0,0.0,0.0,0.0,0.0,0.0,0.0,0.0,0.0,1.0,0.0,0.0,0.0,0.0,0.0,0.0,0.0,0.0,0.0,0.0,0.0,0.0,0.0,1.0,0.0,0.0,0.0,0.0,0.0,0.0,1.0,1.0
901564977550688256,"Aviso de Tornado incluye Tomball TX, Pinehurst TX, Magnolia TX hasta las 5:45 PM CDT https://t.co/3CSUqFoMOY",0,2017-08-26T22:00:15Z,NWSHouston,NWS Houston,600958397,349,33936,True,2012-06-06T13:13:19Z,"Houston, Texas",Official Twitter account for the National Weather Service Houston/Galveston TX. Details: http://www.weather.gov/twitter,photo,http://pbs.twimg.com/media/DIMAkVVXoAAHGyP.jpg,0,0,0,0,True,"Texas, USA",1,http://pbs.twimg.com/media/DIMAkVVXoAAHGyP.jpg,,,1.0,0.0,1.0,0.0,0.0,0.0,0.0,0.0,0.0,1.0,0.0,0.0,0.0,0.0,0.0,0.0,0.0,0.0,0.0,0.0,0.0,0.0,0.0,1.0,0.0,0.0,0.0,0.0,0.0,0.0,1.0,1.0
901565577839423490,Lt Cypress Crk going out of banks. Minor flooding expected #houwx #hounews https://t.co/A0zjPOwI1a,0,2017-08-26T22:02:38Z,JeffLindner1,Jeff Lindner,1137886028,190,3182,False,2013-01-31T20:47:43Z,"Houston, TX",Meteorologist with the Harris County Flood Control District,photo,http://pbs.twimg.com/media/DIMBG-JUwAAxdAT.jpg,0,0,0,0,True,,1,http://pbs.twimg.com/media/DIMBG-JUwAAxdAT.jpg,,,0.0,1.0,0.0,0.0,0.0,0.0,0.0,0.0,0.0,0.0,0.0,0.0,0.0,0.0,0.0,0.0,0.0,0.0,0.0,0.0,0.0,1.0,0.0,0.0,0.0,0.0,0.0,0.0,0.0,1.0,0.0,0.0
901568281953398786,Still an active tornado warning moving up through Magnolia to Navasota in next 30 min: https://t.co/Xs2V22TmVv https://t.co/fwe9rD2Tjo,0,2017-08-26T22:13:23Z,KPRC2WEATHER,KPRC 2 WEATHER,29239301,1175,32361,False,2009-04-06T16:53:21Z,"Houston, Texas",KPRC 2 is Houston's NBC affiliate.,photo,http://pbs.twimg.com/media/DIMDknzXUAALB7M.jpg,0,0,0,0,True,,1,http://pbs.twimg.com/media/DIMDknzXUAALB7M.jpg,,,0.0,1.0,0.0,0.0,0.0,0.0,0.0,0.0,0.0,1.0,0.0,0.0,0.0,0.0,0.0,0.0,0.0,0.0,0.0,0.0,0.0,0.0,0.0,0.0,0.0,0.0,0.0,0.0,0.0,0.0,1.0,0.0
901568306783629312,Still an active tornado warning moving up through Magnolia to Navasota in next 30 min: https://t.co/cgrdRIPzgv https://t.co/KrHh9fpN7q,0,2017-08-26T22:13:29Z,KPRC2,KPRC 2 Houston,27583598,1536,547702,True,2009-03-30T04:25:49Z,"Houston, TX",NBC TV affiliate and local news station in #Houston. #BreakingNews #HoustonWeather #KPRC2 | Follow more KPRC reporters: http://bit.ly/1Rwg7wG,photo,http://pbs.twimg.com/media/DIMDmFrXUAYIate.jpg,0,0,0,0,True,,1,http://pbs.twimg.com/media/DIMDmFrXUAYIate.jpg,,,0.0,1.0,0.0,0.0,0.0,0.0,0.0,0.0,0.0,1.0,0.0,0.0,0.0,0.0,0.0,0.0,0.0,0.0,0.0,0.0,0.0,0.0,0.0,0.0,0.0,0.0,0.0,0.0,0.0,0.0,1.0,0.0
901569249226969090,"TORNADO WARNING just NW of Houston for strong rotation near Magnolia, TX as of 5:15 pm CDT! @breakingweather #Harvey https://t.co/gzBKxMiIQ2",0,2017-08-26T22:17:14Z,ReedTimmerAccu,Reed Timmer,22035690,23583,308103,False,2009-02-26T17:32:59Z,"State College, PA","Extreme Meteorologist for @accuweather. Loves to chase tornadoes, hurricanes, and winter storms. PhD in Meteorology from OU.",photo,http://pbs.twimg.com/media/DIMEYw3UIAANQbF.jpg,0,0,0,0,True,,1,http://pbs.twimg.com/media/DIMEYw3UIAANQbF.jpg,,,0.0,1.0,0.0,0.0,0.0,0.0,0.0,0.0,0.0,1.0,0.0,0.0,0.0,0.0,0.0,0.0,0.0,0.0,0.0,0.0,0.0,0.0,0.0,0.0,0.0,0.0,0.0,0.0,0.0,1.0,1.0,0.0
901569695563866112,FROM @wallercountyoem @wallercojudge | Voluntary evacuation information.  #Harvey https://t.co/W9jYVrnujI,0,2017-08-26T22:19:00Z,DisasterPIO,Francisco Sanchez,18183134,954,3306,False,2008-12-17T05:25:08Z,"Houston/Harris County, TX","Spokesperson @readyharris. Master of disaster. Firefighter. Weather nerd. Coffee addict. Dog lover, especially of one named Winston. Some tweets via RSS.",photo,http://pbs.twimg.com/media/DIME0R3UMAA9Mxv.jpg,0,0,0,0,True,"Houston, TX",1,http://pbs.twimg.com/media/DIME0R3UMAA9Mxv.jpg,,,1.0,1.0,0.0,0.0,0.0,0.0,0.0,0.0,0.0,0.0,0.0,0.0,0.0,0.0,0.0,0.0,0.0,1.0,0.0,1.0,0.0,0.0,0.0,0.0,0.0,0.0,0.0,0.0,0.0,1.0,0.0,0.0
901572239409152000,"Tornado Warning continues for Tomball TX, Pinehurst TX, Magnolia TX until 5:45 PM CDT https://t.co/kkOP40AKDm",0,2017-08-26T22:29:06Z,NWStornado,NWS Tornado,2544227706,0,62992,True,2014-06-03T20:21:13Z,,Official Twitter account for the National Weather Service used to distribute experimental tornado  warning impact graphics. Read more at: http://goo.gl/cCCw1s,photo,http://pbs.twimg.com/media/DIMHLF0XoAAx271.jpg,0,0,0,0,True,"Texas, USA",1,http://pbs.twimg.com/media/DIMHLF0XoAAx271.jpg,,,1.0,0.0,0.0,0.0,0.0,0.0,0.0,0.0,0.0,1.0,0.0,0.0,0.0,0.0,0.0,0.0,0.0,0.0,0.0,0.0,0.0,0.0,0.0,1.0,0.0,0.0,0.0,0.0,0.0,0.0,1.0,1.0
901575613324111872,5:36p - Same areas continue to get heavy rain from New Braunfels to San Marcos to Bastrop and La Grange. https://t.co/QzmZU95Cfk,0,2017-08-26T22:42:31Z,NWSSanAntonio,NWS San Antonio,594749537,185,26159,True,2012-05-30T17:13:01Z,"New Braunfels, Texas",Official Twitter account for the National Weather Service Austin/San Antonio. Details: http://weather.gov/twitter,animated_gif,https://video.twimg.com/tweet_video/DIMKO7OWAAEaudc.mp4,0,0,0,0,True,,1,https://video.twimg.com/tweet_video/DIMKO7OWAAEaudc.mp4,,,0.0,1.0,0.0,0.0,0.0,0.0,0.0,0.0,0.0,1.0,0.0,0.0,0.0,0.0,0.0,0.0,0.0,0.0,0.0,0.0,0.0,0.0,0.0,0.0,0.0,0.0,0.0,0.0,0.0,1.0,1.0,0.0
901576333737766912,"Flash Flood Warning including Beaumont TX, Port Arthur TX, Orange TX until 11:45 PM CDT https://t.co/VphQB57QCa",0,2017-08-26T22:45:23Z,NWSFlashFlood,@NWSFlashFlood,742351395152637953,0,1440,False,2016-06-13T13:42:19Z,,Official Twitter National Weather Service account used to distribute experimental flash flood impact graphics. Read more at: http://goo.gl/cCCw1s,photo,http://pbs.twimg.com/media/DIMK5cFXcAUyV56.jpg,0,0,0,0,True,,1,http://pbs.twimg.com/media/DIMK5cFXcAUyV56.jpg,,,1.0,0.0,0.0,0.0,0.0,0.0,0.0,0.0,0.0,1.0,0.0,0.0,0.0,0.0,0.0,0.0,0.0,0.0,0.0,0.0,0.0,0.0,0.0,1.0,0.0,0.0,0.0,0.0,0.0,1.0,0.0,0.0
901576341077798913,"Flash Flood Warning including Beaumont TX, Port Arthur TX, Orange TX until 11:45 PM CDT https://t.co/m8fIO6jNHi",0,2017-08-26T22:45:24Z,NWSLakeCharles,NWS Lake Charles,590185677,234,6827,True,2012-05-25T16:00:35Z,"Lake Charles, Louisiana","Official Twitter account for the National Weather Service Lake Charles, LA. Details: http://weather.gov/twitter",photo,http://pbs.twimg.com/media/DIMK5zMWAAARIKo.jpg,0,0,0,0,True,"Beaumont, TX",1,http://pbs.twimg.com/media/DIMK5zMWAAARIKo.jpg,,,1.0,0.0,0.0,0.0,0.0,0.0,0.0,0.0,0.0,1.0,0.0,0.0,0.0,0.0,0.0,0.0,0.0,0.0,0.0,0.0,0.0,0.0,0.0,1.0,0.0,0.0,0.0,0.0,0.0,1.0,0.0,0.0
901578777947451396,"Next band of strong t-storms is moving in. Could see more tornado warnings, stay alert: https://t.co/Xs2V22TmVv https://t.co/8intns239y",0,2017-08-26T22:55:05Z,KPRC2WEATHER,KPRC 2 WEATHER,29239301,1175,32369,False,2009-04-06T16:53:21Z,"Houston, Texas",KPRC 2 is Houston's NBC affiliate.,photo,http://pbs.twimg.com/media/DIMNHl1WAAUbYIs.jpg,0,0,0,0,True,,1,http://pbs.twimg.com/media/DIMNHl1WAAUbYIs.jpg,,,0.0,1.0,0.0,0.0,0.0,0.0,0.0,0.0,0.0,0.0,0.0,0.0,0.0,0.0,0.0,0.0,0.0,0.0,0.0,0.0,1.0,0.0,0.0,0.0,0.0,0.0,0.0,0.0,0.0,0.0,1.0,1.0
901578790031196161,"Next band of strong t-storms is moving in. Could see more tornado warnings, stay alert: https://t.co/cgrdRIPzgv https://t.co/AbgFAZPNci",0,2017-08-26T22:55:08Z,KPRC2,KPRC 2 Houston,27583598,1536,547794,True,2009-03-30T04:25:49Z,"Houston, TX",NBC TV affiliate and local news station in #Houston. #BreakingNews #HoustonWeather #KPRC2 | Follow more KPRC reporters: http://bit.ly/1Rwg7wG,photo,http://pbs.twimg.com/media/DIMNIRtXgAAP8s9.jpg,0,0,0,0,True,,1,http://pbs.twimg.com/media/DIMNIRtXgAAP8s9.jpg,,,0.0,1.0,0.0,0.0,0.0,0.0,0.0,0.0,0.0,0.0,0.0,0.0,0.0,0.0,0.0,0.0,0.0,0.0,0.0,0.0,1.0,0.0,0.0,0.0,0.0,0.0,0.0,0.0,0.0,0.0,1.0,1.0
901578812118495234,Brazos River near Rosharon 5:00 pm https://t.co/CVlWiv3r2e,0,2017-08-26T22:55:13Z,BrazoriaCounty,Brazoria County,174752321,163,2670,False,2010-08-04T18:52:04Z,Texas,Official Brazoria County Twitter Page,photo,http://pbs.twimg.com/media/DIMNJRqUwAAkNOe.jpg,0,0,0,0,True,,1,http://pbs.twimg.com/media/DIMNJRqUwAAkNOe.jpg,,,1.0,0.0,0.0,0.0,0.0,0.0,0.0,0.0,0.0,0.0,0.0,0.0,0.0,0.0,0.0,1.0,0.0,0.0,0.0,0.0,0.0,0.0,0.0,0.0,0.0,0.0,0.0,0.0,0.0,1.0,0.0,0.0
901578951453278209,"Flash Flood Warning including Todd Mission TX, Stoneham TX until 7:00 PM CDT https://t.co/T8S2qXCSP5",0,2017-08-26T22:55:47Z,NWSFlashFlood,@NWSFlashFlood,742351395152637953,0,1440,False,2016-06-13T13:42:19Z,,Official Twitter National Weather Service account used to distribute experimental flash flood impact graphics. Read more at: http://goo.gl/cCCw1s,photo,http://pbs.twimg.com/media/DIMNRvuWsAUaCH3.jpg,0,0,0,0,True,,1,http://pbs.twimg.com/media/DIMNRvuWsAUaCH3.jpg,,,1.0,0.0,0.0,0.0,0.0,0.0,0.0,0.0,0.0,1.0,0.0,0.0,0.0,0.0,0.0,0.0,0.0,0.0,0.0,0.0,0.0,0.0,0.0,1.0,0.0,0.0,0.0,0.0,0.0,1.0,0.0,0.0
901578957660839936,"Flash Flood Warning including Todd Mission TX, Stoneham TX until 7:00 PM CDT https://t.co/e0EGZ18Wz3",0,2017-08-26T22:55:48Z,NWSHouston,NWS Houston,600958397,349,34077,True,2012-06-06T13:13:19Z,"Houston, Texas",Official Twitter account for the National Weather Service Houston/Galveston TX. Details: http://www.weather.gov/twitter,photo,http://pbs.twimg.com/media/DIMNSKvXUAEvnea.jpg,0,0,0,0,True,"Texas, USA",1,http://pbs.twimg.com/media/DIMNSKvXUAEvnea.jpg,,,1.0,0.0,0.0,0.0,0.0,0.0,0.0,0.0,0.0,1.0,0.0,0.0,0.0,0.0,0.0,0.0,0.0,0.0,0.0,0.0,0.0,0.0,0.0,1.0,0.0,0.0,0.0,0.0,0.0,1.0,0.0,0.0
901578969992105984,"Aviso de InundaciÃ³n Repentina incluye Todd Mission TX, Stoneham TX hasta las 7:00 PM CDT https://t.co/P7oEtYdnDx",0,2017-08-26T22:55:51Z,NWSHouston,NWS Houston,600958397,349,34077,True,2012-06-06T13:13:19Z,"Houston, Texas",Official Twitter account for the National Weather Service Houston/Galveston TX. Details: http://www.weather.gov/twitter,photo,http://pbs.twimg.com/media/DIMNS0KW4AAPODa.jpg,0,0,0,0,True,"Texas, USA",1,http://pbs.twimg.com/media/DIMNS0KW4AAPODa.jpg,,,1.0,0.0,1.0,0.0,0.0,0.0,0.0,0.0,0.0,1.0,0.0,0.0,0.0,0.0,0.0,0.0,0.0,0.0,0.0,0.0,0.0,0.0,0.0,1.0,0.0,0.0,0.0,0.0,0.0,1.0,0.0,0.0
901578988501524480,Weather guidance is a mess with the potential track of a weakening Harvey going forward.  South consensus Sun/Mon https://t.co/nNqKAdCdOQ,0,2017-08-26T22:55:56Z,kiii3news,KIII 3 News,54329062,248,48256,True,2009-07-06T20:52:37Z,"Corpus Christi, Texas",South Texas News Leader,photo,http://pbs.twimg.com/media/DIMNT3NW0AAt4Zh.jpg,0,0,0,0,True,,1,http://pbs.twimg.com/media/DIMNT3NW0AAt4Zh.jpg,,,0.0,1.0,0.0,0.0,0.0,0.0,0.0,0.0,0.0,0.0,0.0,0.0,0.0,0.0,0.0,0.0,1.0,0.0,0.0,0.0,0.0,0.0,0.0,0.0,0.0,0.0,1.0,1.0,0.0,0.0,0.0,0.0
901580712561823745,Good evening! Here's your forecast from #ABC13. #Houston #TXwx https://t.co/t4y6BHnUIw,0,2017-08-26T23:02:47Z,abc13weather,Houston Weather,18870078,50,45069,False,2009-01-11T15:52:38Z,"Houston, TX","Your Houston weather forecast from the #ABC13 Eyewitness Weather team: @HellerWeather,  @Caseyweather , @HerzogWeather, @TillmanWeather and @abc13elita",photo,http://pbs.twimg.com/media/DIMO4MpXgAAgQ-3.jpg,0,0,0,0,True,,1,http://pbs.twimg.com/media/DIMO4MpXgAAgQ-3.jpg,,,0.0,1.0,0.0,0.0,0.0,0.0,0.0,0.0,0.0,0.0,0.0,0.0,0.0,0.0,0.0,0.0,0.0,0.0,0.0,0.0,1.0,0.0,0.0,0.0,0.0,0.0,0.0,0.0,0.0,1.0,0.0,0.0
901581843673305088,"This is serious: +6-9"" of rain could fall on #Houston overnight tonight causing major flooding. #houwx #txwx https://t.co/yOeRMU6UGs",0,2017-08-26T23:07:16Z,HellerWeather,ABC13 Tim Heller,20010925,1215,19268,True,2009-02-03T22:46:30Z,"Houston, TX",Forecasting weather for the 4th largest city in America. #ABC13 #Houston #TXwx,photo,http://pbs.twimg.com/media/DIMP6GqXcAMwpin.jpg,0,0,0,0,True,,1,http://pbs.twimg.com/media/DIMP6GqXcAMwpin.jpg,,,0.0,1.0,0.0,0.0,0.0,0.0,0.0,0.0,0.0,0.0,0.0,0.0,0.0,1.0,0.0,0.0,0.0,0.0,0.0,0.0,0.0,0.0,0.0,0.0,0.0,0.0,0.0,0.0,0.0,1.0,0.0,0.0
901584119175491584,"Tornado Warning including Tomball TX, Pinehurst TX, Magnolia TX until 6:45 PM CDT https://t.co/DEZRCZ7Vay",0,2017-08-26T23:16:19Z,NWStornado,NWS Tornado,2544227706,0,62998,True,2014-06-03T20:21:13Z,,Official Twitter account for the National Weather Service used to distribute experimental tornado  warning impact graphics. Read more at: http://goo.gl/cCCw1s,photo,http://pbs.twimg.com/media/DIMR-jGW0AEl7rQ.jpg,0,0,0,0,True,"Texas, USA",1,http://pbs.twimg.com/media/DIMR-jGW0AEl7rQ.jpg,,,1.0,0.0,0.0,0.0,0.0,0.0,0.0,0.0,0.0,1.0,0.0,0.0,0.0,0.0,0.0,0.0,0.0,0.0,0.0,0.0,0.0,0.0,0.0,1.0,0.0,0.0,0.0,0.0,0.0,0.0,1.0,1.0
901584125886386181,"Tornado Warning including Tomball TX, Pinehurst TX, Magnolia TX until 6:45 PM CDT https://t.co/Z2ADSckXab",0,2017-08-26T23:16:20Z,NWSHouston,NWS Houston,600958397,349,34109,True,2012-06-06T13:13:19Z,"Houston, Texas",Official Twitter account for the National Weather Service Houston/Galveston TX. Details: http://www.weather.gov/twitter,photo,http://pbs.twimg.com/media/DIMR--EWsAA9-6a.jpg,0,0,0,0,True,"Texas, USA",1,http://pbs.twimg.com/media/DIMR--EWsAA9-6a.jpg,,,1.0,0.0,0.0,0.0,0.0,0.0,0.0,0.0,0.0,1.0,0.0,0.0,0.0,0.0,0.0,0.0,0.0,0.0,0.0,0.0,0.0,0.0,0.0,1.0,0.0,0.0,0.0,0.0,0.0,0.0,1.0,1.0
901584137617891332,"Aviso de Tornado incluye Tomball TX, Pinehurst TX, Magnolia TX hasta las 6:45 PM CDT https://t.co/o0imrLhLw2",0,2017-08-26T23:16:23Z,NWSHouston,NWS Houston,600958397,349,34109,True,2012-06-06T13:13:19Z,"Houston, Texas",Official Twitter account for the National Weather Service Houston/Galveston TX. Details: http://www.weather.gov/twitter,photo,http://pbs.twimg.com/media/DIMR_oiXgAIIq5-.jpg,0,0,0,0,True,"Texas, USA",1,http://pbs.twimg.com/media/DIMR_oiXgAIIq5-.jpg,,,1.0,0.0,1.0,0.0,0.0,0.0,0.0,0.0,0.0,1.0,0.0,0.0,0.0,0.0,0.0,0.0,0.0,0.0,0.0,0.0,0.0,0.0,0.0,1.0,0.0,0.0,0.0,0.0,0.0,0.0,1.0,1.0
901584710706618368,"Tornado Warning including Rosenberg TX, Pecan Grove TX, Katy TX until 6:45 PM CDT https://t.co/HqenIsCfVf",0,2017-08-26T23:18:40Z,NWStornado,NWS Tornado,2544227706,0,62997,True,2014-06-03T20:21:13Z,,Official Twitter account for the National Weather Service used to distribute experimental tornado  warning impact graphics. Read more at: http://goo.gl/cCCw1s,photo,http://pbs.twimg.com/media/DIMSg9wXUAEZYQV.jpg,0,0,0,0,True,"Texas, USA",1,http://pbs.twimg.com/media/DIMSg9wXUAEZYQV.jpg,,,1.0,0.0,0.0,0.0,0.0,0.0,0.0,0.0,0.0,1.0,0.0,0.0,0.0,0.0,0.0,0.0,0.0,0.0,0.0,0.0,0.0,0.0,0.0,1.0,0.0,0.0,0.0,0.0,0.0,0.0,1.0,1.0
901584717627236353,"Tornado Warning including Rosenberg TX, Pecan Grove TX, Katy TX until 6:45 PM CDT https://t.co/Q7vxF46iSV",0,2017-08-26T23:18:41Z,NWSHouston,NWS Houston,600958397,349,34112,True,2012-06-06T13:13:19Z,"Houston, Texas",Official Twitter account for the National Weather Service Houston/Galveston TX. Details: http://www.weather.gov/twitter,photo,http://pbs.twimg.com/media/DIMShaLXcAU_-Fk.jpg,0,0,0,0,True,"Texas, USA",1,http://pbs.twimg.com/media/DIMShaLXcAU_-Fk.jpg,,,1.0,0.0,0.0,0.0,0.0,0.0,0.0,0.0,0.0,1.0,0.0,0.0,0.0,0.0,0.0,0.0,0.0,0.0,0.0,0.0,0.0,0.0,0.0,1.0,0.0,0.0,0.0,0.0,0.0,0.0,1.0,1.0
901584731233505280,"Aviso de Tornado incluye Rosenberg TX, Pecan Grove TX, Katy TX hasta las 6:45 PM CDT https://t.co/uoi6rjqOQ3",0,2017-08-26T23:18:45Z,NWSHouston,NWS Houston,600958397,349,34112,True,2012-06-06T13:13:19Z,"Houston, Texas",Official Twitter account for the National Weather Service Houston/Galveston TX. Details: http://www.weather.gov/twitter,photo,http://pbs.twimg.com/media/DIMSiKgW4AMDl_a.jpg,0,0,0,0,True,"Texas, USA",1,http://pbs.twimg.com/media/DIMSiKgW4AMDl_a.jpg,,,1.0,0.0,1.0,0.0,0.0,0.0,0.0,0.0,0.0,1.0,0.0,0.0,0.0,0.0,0.0,0.0,0.0,0.0,0.0,0.0,0.0,0.0,0.0,1.0,0.0,0.0,0.0,0.0,0.0,0.0,1.0,1.0
901585495247003649,"Tornado Warning for Ft. Bend, Harris Co. until 6:45pm. Feeder band moving north at 35 mph: https://t.co/Xs2V22TmVv https://t.co/h45lTD8ZjL",0,2017-08-26T23:21:47Z,KPRC2WEATHER,KPRC 2 WEATHER,29239301,1175,32374,False,2009-04-06T16:53:21Z,"Houston, Texas",KPRC 2 is Houston's NBC affiliate.,photo,http://pbs.twimg.com/media/DIMTOnmXYAEJu4I.jpg,0,0,0,0,True,,1,http://pbs.twimg.com/media/DIMTOnmXYAEJu4I.jpg,,,0.0,1.0,0.0,0.0,0.0,0.0,0.0,0.0,0.0,1.0,0.0,0.0,0.0,0.0,0.0,0.0,0.0,0.0,0.0,0.0,0.0,0.0,0.0,0.0,0.0,0.0,0.0,0.0,0.0,0.0,1.0,0.0
901585507938959361,"Tornado Warning for Ft. Bend, Harris Co. until 6:45pm. Feeder band moving north at 35 mph: https://t.co/cgrdRIPzgv https://t.co/hJv8fGOUsy",0,2017-08-26T23:21:50Z,KPRC2,KPRC 2 Houston,27583598,1536,547837,True,2009-03-30T04:25:49Z,"Houston, TX",NBC TV affiliate and local news station in #Houston. #BreakingNews #HoustonWeather #KPRC2 | Follow more KPRC reporters: http://bit.ly/1Rwg7wG,photo,http://pbs.twimg.com/media/DIMTPWHWAAE3KXG.jpg,0,0,0,0,True,,1,http://pbs.twimg.com/media/DIMTPWHWAAE3KXG.jpg,,,0.0,1.0,0.0,0.0,0.0,0.0,0.0,0.0,0.0,1.0,0.0,0.0,0.0,0.0,0.0,0.0,0.0,0.0,0.0,0.0,0.0,0.0,0.0,0.0,0.0,0.0,0.0,0.0,0.0,0.0,1.0,0.0
901585912538255361,Rotating thunderstorm over Rosenberg with rotation. Tornado Warning in effect right now. https://t.co/8joj0w0KQF,0,2017-08-26T23:23:26Z,HellerWeather,ABC13 Tim Heller,20010925,1215,19276,True,2009-02-03T22:46:30Z,"Houston, TX",Forecasting weather for the 4th largest city in America. #ABC13 #Houston #TXwx,photo,http://pbs.twimg.com/media/DIMTm9eWsAIhnRk.jpg,0,0,0,0,True,,1,http://pbs.twimg.com/media/DIMTm9eWsAIhnRk.jpg,,,0.0,1.0,0.0,0.0,0.0,0.0,0.0,0.0,0.0,1.0,0.0,0.0,0.0,0.0,0.0,0.0,0.0,0.0,0.0,0.0,0.0,0.0,0.0,0.0,0.0,0.0,0.0,0.0,0.0,0.0,1.0,0.0
901586697011556353,Tornado Warning for Ft. Bend Co.  Possible tornado approaching Pecan Grove from the south. https://t.co/zQ1BVgQSfi,0,2017-08-26T23:26:33Z,TillmanWeather,David Tillman,1392425179,45,6690,True,2013-04-30T16:05:06Z,"Houston, TX","Meteorologist at #ABC13, KTRK-TV Houston",photo,http://pbs.twimg.com/media/DIMUUk9W4AAknzV.jpg,0,0,0,0,True,,1,http://pbs.twimg.com/media/DIMUUk9W4AAknzV.jpg,,,0.0,1.0,0.0,0.0,0.0,0.0,0.0,0.0,0.0,1.0,0.0,0.0,0.0,0.0,0.0,0.0,0.0,0.0,0.0,0.0,0.0,0.0,0.0,0.0,0.0,0.0,0.0,0.0,0.0,0.0,1.0,0.0
901587444361043968,Another possible circulation is approaching Fulshear and Cardiff from the south. https://t.co/30LbjrlvV4,0,2017-08-26T23:29:32Z,TillmanWeather,David Tillman,1392425179,45,6691,True,2013-04-30T16:05:06Z,"Houston, TX","Meteorologist at #ABC13, KTRK-TV Houston",photo,http://pbs.twimg.com/media/DIMVAE5W0AE237k.jpg,0,0,0,0,True,,1,http://pbs.twimg.com/media/DIMVAE5W0AE237k.jpg,,,0.0,1.0,0.0,0.0,0.0,0.0,0.0,0.0,0.0,0.0,0.0,0.0,0.0,0.0,0.0,0.0,0.0,0.0,0.0,0.0,1.0,0.0,0.0,0.0,0.0,0.0,0.0,0.0,0.0,0.0,1.0,0.0
901589430942789632,Another area of rotation has popped up and it's moving north towards New Territory and Greatwood. https://t.co/w9Mn1WtKVC,0,2017-08-26T23:37:25Z,TillmanWeather,David Tillman,1392425179,45,6694,True,2013-04-30T16:05:06Z,"Houston, TX","Meteorologist at #ABC13, KTRK-TV Houston",photo,http://pbs.twimg.com/media/DIMWzu2XcAEwg_I.jpg,0,0,0,0,True,,1,http://pbs.twimg.com/media/DIMWzu2XcAEwg_I.jpg,,,0.0,1.0,0.0,0.0,0.0,0.0,0.0,0.0,0.0,0.0,0.0,0.0,0.0,0.0,0.0,0.0,0.0,0.0,0.0,0.0,1.0,0.0,0.0,0.0,0.0,0.0,0.0,0.0,0.0,0.0,1.0,0.0
901589525708857346,"Tornado Warning continues for Rosenberg TX, Pecan Grove TX, Katy TX until 6:45 PM CDT https://t.co/KvPqWJ77Xv",0,2017-08-26T23:37:48Z,NWStornado,NWS Tornado,2544227706,0,63010,True,2014-06-03T20:21:13Z,,Official Twitter account for the National Weather Service used to distribute experimental tornado  warning impact graphics. Read more at: http://goo.gl/cCCw1s,photo,http://pbs.twimg.com/media/DIMW5P7W0AALuO0.jpg,0,0,0,0,True,"Texas, USA",1,http://pbs.twimg.com/media/DIMW5P7W0AALuO0.jpg,,,1.0,0.0,0.0,0.0,0.0,0.0,0.0,0.0,0.0,1.0,0.0,0.0,0.0,0.0,0.0,0.0,0.0,0.0,0.0,0.0,0.0,0.0,0.0,1.0,0.0,0.0,0.0,0.0,0.0,0.0,1.0,1.0
901591015416586244,"Closing in on tornado warning just west of Sugar Land, TX in chase mode as of 6:43 pm @breakingweather #harvey https://t.co/Dcqw5C5y7O",0,2017-08-26T23:43:43Z,ReedTimmerAccu,Reed Timmer,22035690,23583,308181,False,2009-02-26T17:32:59Z,"State College, PA","Extreme Meteorologist for @accuweather. Loves to chase tornadoes, hurricanes, and winter storms. PhD in Meteorology from OU.",photo,http://pbs.twimg.com/media/DIMYPelUIAAZZhU.jpg,0,0,0,0,True,,1,http://pbs.twimg.com/media/DIMYPelUIAAZZhU.jpg,,,0.0,1.0,0.0,0.0,0.0,0.0,0.0,0.0,0.0,1.0,0.0,0.0,0.0,0.0,0.0,0.0,0.0,0.0,0.0,0.0,0.0,0.0,0.0,0.0,0.0,0.0,0.0,0.0,0.0,1.0,1.0,0.0
901591328663973888,"Tornado Warning including Sugar Land TX, Mission Bend TX, Rosenberg TX until 7:15 PM CDT https://t.co/5qiapq8N42",0,2017-08-26T23:44:58Z,NWStornado,NWS Tornado,2544227706,0,63013,True,2014-06-03T20:21:13Z,,Official Twitter account for the National Weather Service used to distribute experimental tornado  warning impact graphics. Read more at: http://goo.gl/cCCw1s,photo,http://pbs.twimg.com/media/DIMYiNiWsAAJofd.jpg,0,0,0,0,True,"Cinco Ranch, TX",1,http://pbs.twimg.com/media/DIMYiNiWsAAJofd.jpg,,,1.0,0.0,0.0,0.0,0.0,0.0,0.0,0.0,0.0,1.0,0.0,0.0,0.0,0.0,0.0,0.0,0.0,0.0,0.0,0.0,0.0,0.0,0.0,1.0,0.0,0.0,0.0,0.0,0.0,0.0,1.0,1.0
901591335660126210,"Tornado Warning including Sugar Land TX, Mission Bend TX, Rosenberg TX until 7:15 PM CDT https://t.co/PCLUeQmbzR",0,2017-08-26T23:44:59Z,NWSHouston,NWS Houston,600958397,349,34190,True,2012-06-06T13:13:19Z,"Houston, Texas",Official Twitter account for the National Weather Service Houston/Galveston TX. Details: http://www.weather.gov/twitter,photo,http://pbs.twimg.com/media/DIMYimXXoAEctwZ.jpg,0,0,0,0,True,"Cinco Ranch, TX",1,http://pbs.twimg.com/media/DIMYimXXoAEctwZ.jpg,,,1.0,0.0,0.0,0.0,0.0,0.0,0.0,0.0,0.0,1.0,0.0,0.0,0.0,0.0,0.0,0.0,0.0,0.0,0.0,0.0,0.0,0.0,0.0,1.0,0.0,0.0,0.0,0.0,0.0,0.0,1.0,1.0
901591348133994497,"Aviso de Tornado incluye Sugar Land TX, Mission Bend TX, Rosenberg TX hasta las 7:15 PM CDT https://t.co/22Scw4fBe6",0,2017-08-26T23:45:02Z,NWSHouston,NWS Houston,600958397,349,34192,True,2012-06-06T13:13:19Z,"Houston, Texas",Official Twitter account for the National Weather Service Houston/Galveston TX. Details: http://www.weather.gov/twitter,photo,http://pbs.twimg.com/media/DIMYjSgWsAA96eq.jpg,0,0,0,0,True,"Cinco Ranch, TX",1,http://pbs.twimg.com/media/DIMYjSgWsAA96eq.jpg,,,1.0,0.0,1.0,0.0,0.0,0.0,0.0,0.0,0.0,1.0,0.0,0.0,0.0,0.0,0.0,0.0,0.0,0.0,0.0,0.0,0.0,0.0,0.0,1.0,0.0,0.0,0.0,0.0,0.0,0.0,1.0,1.0
901592496253362177,647 CT: Numerous potential tornadoes in band of slow moving storms west of #Houston. #Harvey https://t.co/PoUwXtQLMs,0,2017-08-26T23:49:36Z,mattlanza,Matt Lanza,16752675,4157,11459,True,2008-10-15T02:25:36Z,"Houston, TX","Meteorologist @SpaceCityWx & energy, sometimes weather @FiveThirtyEight, @RutgersU alum. Jersey grown. Tweeting weather, history, baseball, more. Thoughts mine.",animated_gif,https://video.twimg.com/tweet_video/DIMZk0TVYAAEOel.mp4,0,0,0,0,True,,1,https://video.twimg.com/tweet_video/DIMZk0TVYAAEOel.mp4,,,0.0,1.0,0.0,0.0,0.0,0.0,0.0,0.0,0.0,1.0,0.0,0.0,0.0,0.0,0.0,0.0,0.0,0.0,0.0,0.0,1.0,0.0,0.0,0.0,0.0,0.0,0.0,0.0,0.0,0.0,1.0,0.0
901594514279858180,"Tornado Warning including Montgomery TX, Richards TX, Dobbin TX until 7:30 PM CDT https://t.co/4HIa72AZgu",0,2017-08-26T23:57:37Z,NWStornado,NWS Tornado,2544227706,0,63021,True,2014-06-03T20:21:13Z,,Official Twitter account for the National Weather Service used to distribute experimental tornado  warning impact graphics. Read more at: http://goo.gl/cCCw1s,photo,http://pbs.twimg.com/media/DIMbbp7XUAAHYwH.jpg,0,0,0,0,True,"Texas, USA",1,http://pbs.twimg.com/media/DIMbbp7XUAAHYwH.jpg,,,1.0,0.0,0.0,0.0,0.0,0.0,0.0,0.0,0.0,1.0,0.0,0.0,0.0,0.0,0.0,0.0,0.0,0.0,0.0,0.0,0.0,0.0,0.0,1.0,0.0,0.0,0.0,0.0,0.0,0.0,1.0,1.0
901594522915934208,"Tornado Warning including Montgomery TX, Richards TX, Dobbin TX until 7:30 PM CDT https://t.co/uOLA2ZyZ7S",0,2017-08-26T23:57:39Z,NWSHouston,NWS Houston,600958397,349,34240,True,2012-06-06T13:13:19Z,"Houston, Texas",Official Twitter account for the National Weather Service Houston/Galveston TX. Details: http://www.weather.gov/twitter,photo,http://pbs.twimg.com/media/DIMbcDSW0AA6GIT.jpg,0,0,0,0,True,"Texas, USA",1,http://pbs.twimg.com/media/DIMbcDSW0AA6GIT.jpg,,,1.0,0.0,0.0,0.0,0.0,0.0,0.0,0.0,0.0,1.0,0.0,0.0,0.0,0.0,0.0,0.0,0.0,0.0,0.0,0.0,0.0,0.0,0.0,1.0,0.0,0.0,0.0,0.0,0.0,0.0,1.0,1.0
901594534261530624,"Aviso de Tornado incluye Montgomery TX, Richards TX, Dobbin TX hasta las 7:30 PM CDT https://t.co/M91Hq6i3j7",0,2017-08-26T23:57:42Z,NWSHouston,NWS Houston,600958397,349,34240,True,2012-06-06T13:13:19Z,"Houston, Texas",Official Twitter account for the National Weather Service Houston/Galveston TX. Details: http://www.weather.gov/twitter,photo,http://pbs.twimg.com/media/DIMbcz9XYAAN1wT.jpg,0,0,0,0,True,"Texas, USA",1,http://pbs.twimg.com/media/DIMbcz9XYAAN1wT.jpg,,,1.0,0.0,1.0,0.0,0.0,0.0,0.0,0.0,0.0,1.0,0.0,0.0,0.0,0.0,0.0,0.0,0.0,0.0,0.0,0.0,0.0,0.0,0.0,1.0,0.0,0.0,0.0,0.0,0.0,0.0,1.0,1.0
